<?xml version="1.0" encoding="UTF-8" ?>
<GenAiFunction xmlns="http://soap.sforce.com/2006/04/metadata">
    <description
    >Validate and retrieve Customers details by passing their email and memberNumber to see if there is a related contact.</description>
    <invocationTarget>Get_Customer_Details</invocationTarget>
    <invocationTargetType>flow</invocationTargetType>
    <isConfirmationRequired>false</isConfirmationRequired>
    <isIncludeInProgressIndicator>true</isIncludeInProgressIndicator>
    <mappingAttributes>
        <label>VerifiedCustomerId</label>
        <name>output_VerifiedCustomerId</name>
        <parameterName>VerifiedCustomerId</parameterName>
        <parameterType>output</parameterType>
    </mappingAttributes>
    <mappingAttributes>
        <label>IsCustomerVerified</label>
        <name>output_IsCustomerVerified</name>
        <parameterName>IsCustomerVerified</parameterName>
        <parameterType>output</parameterType>
    </mappingAttributes>
    <masterLabel>Get Customer Details</masterLabel>
    <progressIndicatorMessage>Verifying</progressIndicatorMessage>
</GenAiFunction>
