<?xml version="1.0" encoding="UTF-8" ?>
<Network xmlns="http://soap.sforce.com/2006/04/metadata">
    <allowInternalUserLogin>false</allowInternalUserLogin>
    <allowMembersToFlag>false</allowMembersToFlag>
    <changePasswordTemplate
    >unfiled$public/CommunityChangePasswordEmailTemplate</changePasswordTemplate>
    <communityRoles />
    <description>Experience Cloud site for Coral Cloud Resorts</description>
    <disableReputationRecordConversations
    >true</disableReputationRecordConversations>
    <emailSenderAddress>pozil@salesforce.com</emailSenderAddress>
    <emailSenderName>Coral Cloud</emailSenderName>
    <embeddedLoginEnabled>false</embeddedLoginEnabled>
    <enableApexCDNCaching>true</enableApexCDNCaching>
    <enableCustomVFErrorPageOverrides>false</enableCustomVFErrorPageOverrides>
    <enableDirectMessages>true</enableDirectMessages>
    <enableExpFriendlyUrlsAsDefault>false</enableExpFriendlyUrlsAsDefault>
    <enableExperienceBundleBasedSnaOverrideEnabled
    >true</enableExperienceBundleBasedSnaOverrideEnabled>
    <enableGuestChatter>false</enableGuestChatter>
    <enableGuestFileAccess>true</enableGuestFileAccess>
    <enableGuestMemberVisibility>false</enableGuestMemberVisibility>
    <enableImageOptimizationCDN>false</enableImageOptimizationCDN>
    <enableInvitation>false</enableInvitation>
    <enableKnowledgeable>false</enableKnowledgeable>
    <enableLWRExperienceConnectedApp>false</enableLWRExperienceConnectedApp>
    <enableMemberVisibility>false</enableMemberVisibility>
    <enableNicknameDisplay>true</enableNicknameDisplay>
    <enablePrivateMessages>false</enablePrivateMessages>
    <enableReputation>false</enableReputation>
    <enableShowAllNetworkSettings>false</enableShowAllNetworkSettings>
    <enableSiteAsContainer>true</enableSiteAsContainer>
    <enableTalkingAboutStats>true</enableTalkingAboutStats>
    <enableTopicAssignmentRules>true</enableTopicAssignmentRules>
    <enableTopicSuggestions>false</enableTopicSuggestions>
    <enableUpDownVote>false</enableUpDownVote>
    <forgotPasswordTemplate
    >unfiled$public/CommunityForgotPasswordEmailTemplate</forgotPasswordTemplate>
    <gatherCustomerSentimentData>false</gatherCustomerSentimentData>
    <headlessForgotPasswordTemplate
    >unfiled$public/CommunityHeadlessForgotPasswordTemplate</headlessForgotPasswordTemplate>
    <headlessRegistrationTemplate
    >unfiled$public/CommunityHeadlessRegistrationTemplate</headlessRegistrationTemplate>
    <networkMemberGroups>
        <profile>admin</profile>
    </networkMemberGroups>
    <networkPageOverrides>
        <changePasswordPageOverrideSetting
        >Standard</changePasswordPageOverrideSetting>
        <forgotPasswordPageOverrideSetting
        >Designer</forgotPasswordPageOverrideSetting>
        <homePageOverrideSetting>Designer</homePageOverrideSetting>
        <loginPageOverrideSetting>Designer</loginPageOverrideSetting>
        <selfRegProfilePageOverrideSetting
        >Designer</selfRegProfilePageOverrideSetting>
    </networkPageOverrides>
    <picassoSite>Coral_Cloud1</picassoSite>
    <selfRegistration>false</selfRegistration>
    <sendWelcomeEmail>true</sendWelcomeEmail>
    <site>Coral_Cloud</site>
    <siteArchiveStatus>NotArchived</siteArchiveStatus>
    <status>UnderConstruction</status>
    <tabs>
        <defaultTab>home</defaultTab>
        <standardTab>Chatter</standardTab>
    </tabs>
    <urlPathPrefix>coralcloud</urlPathPrefix>
    <welcomeTemplate
    >unfiled$public/CommunityWelcomeEmailTemplate</welcomeTemplate>
</Network>
