<?xml version="1.0" encoding="UTF-8" ?>
<Network xmlns="http://soap.sforce.com/2006/04/metadata">
    <allowInternalUserLogin>false</allowInternalUserLogin>
    <allowMembersToFlag>false</allowMembersToFlag>
    <changePasswordTemplate>unfiled$public/CommunityChangePasswordEmailTemplate</changePasswordTemplate>
    <communityRoles />
    <disableReputationRecordConversations>true</disableReputationRecordConversations>
    <emailSenderAddress>some.sender@company.com</emailSenderAddress>
    <emailSenderName>E-Bikes Demo</emailSenderName>
    <enableCustomVFErrorPageOverrides>false</enableCustomVFErrorPageOverrides>
    <enableDirectMessages>true</enableDirectMessages>
    <enableGuestChatter>false</enableGuestChatter>
    <enableGuestFileAccess>true</enableGuestFileAccess>
    <enableInvitation>false</enableInvitation>
    <enableKnowledgeable>false</enableKnowledgeable>
    <enableMemberVisibility>true</enableMemberVisibility>
    <enableNicknameDisplay>false</enableNicknameDisplay>
    <enablePrivateMessages>false</enablePrivateMessages>
    <enableReputation>false</enableReputation>
    <enableShowAllNetworkSettings>false</enableShowAllNetworkSettings>
    <enableSiteAsContainer>true</enableSiteAsContainer>
    <enableTalkingAboutStats>true</enableTalkingAboutStats>
    <enableTopicAssignmentRules>true</enableTopicAssignmentRules>
    <enableTopicSuggestions>false</enableTopicSuggestions>
    <enableUpDownVote>false</enableUpDownVote>
    <forgotPasswordTemplate>unfiled$public/CommunityForgotPasswordEmailTemplate</forgotPasswordTemplate>
    <gatherCustomerSentimentData>false</gatherCustomerSentimentData>
    <navigationLinkSet>
        <navigationMenuItem>
            <label>Create Case</label>
            <position>1</position>
            <publiclyAvailable>false</publiclyAvailable>
            <target>/create-case</target>
            <type>InternalLink</type>
        </navigationMenuItem>
        <navigationMenuItem>
            <label>Product Explorer</label>
            <position>2</position>
            <publiclyAvailable>true</publiclyAvailable>
            <target>/product-explorer</target>
            <type>InternalLink</type>
        </navigationMenuItem>
        <navigationMenuItem>
            <defaultListViewId>All_Product_Families</defaultListViewId>
            <label>Product Families</label>
            <position>3</position>
            <publiclyAvailable>false</publiclyAvailable>
            <target>Product_Family__c</target>
            <type>SalesforceObject</type>
        </navigationMenuItem>
        <navigationMenuItem>
            <defaultListViewId>My_Cases</defaultListViewId>
            <label>Cases</label>
            <position>4</position>
            <publiclyAvailable>false</publiclyAvailable>
            <target>Case</target>
            <type>SalesforceObject</type>
        </navigationMenuItem>
    </navigationLinkSet>
    <networkMemberGroups>
        <profile>Admin</profile>
    </networkMemberGroups>
    <networkPageOverrides>
        <changePasswordPageOverrideSetting>Standard</changePasswordPageOverrideSetting>
        <forgotPasswordPageOverrideSetting>Designer</forgotPasswordPageOverrideSetting>
        <homePageOverrideSetting>Designer</homePageOverrideSetting>
        <loginPageOverrideSetting>Designer</loginPageOverrideSetting>
        <selfRegProfilePageOverrideSetting>Designer</selfRegProfilePageOverrideSetting>
    </networkPageOverrides>
    <picassoSite>E_Bikes_C</picassoSite>
    <selfRegistration>false</selfRegistration>
    <sendWelcomeEmail>true</sendWelcomeEmail>
    <site>E_Bikes</site>
    <status>UnderConstruction</status>
    <tabs>
        <defaultTab>home</defaultTab>
        <standardTab>Chatter</standardTab>
    </tabs>
    <urlPathPrefix>ebikes</urlPathPrefix>
    <welcomeTemplate>unfiled$public/CommunityWelcomeEmailTemplate</welcomeTemplate>
</Network>