<?xml version="1.0" encoding="UTF-8" ?>
<FlexiPage xmlns="http://soap.sforce.com/2006/04/metadata">
    <flexiPageRegions>
        <itemInstances>
            <componentInstance>
                <identifier>carConfiguratorId</identifier>
                <componentName>carConfigurator</componentName>
            </componentInstance>
        </itemInstances>
        <name>main</name>
        <type>Region</type>
    </flexiPageRegions>
    <masterLabel>Car Configurator</masterLabel>
    <template>
        <name>flexipage:defaultAppHomeTemplate</name>
    </template>
    <type>AppPage</type>
</FlexiPage>
