<?xml version="1.0" encoding="UTF-8" ?>
<FlexiPage xmlns="http://soap.sforce.com/2006/04/metadata">
    <flexiPageRegions>
        <name>header</name>
        <type>Region</type>
    </flexiPageRegions>
    <flexiPageRegions>
        <itemInstances>
            <componentInstance>
                <identifier>detailPanelId</identifier>
                <componentName>force:detailPanel</componentName>
            </componentInstance>
        </itemInstances>
        <name>Facet-95a6bf02-c634-4364-9b41-2452e7fd1a07</name>
        <type>Facet</type>
    </flexiPageRegions>
    <flexiPageRegions>
        <itemInstances>
            <componentInstance>
                <identifier>serviceDataAnalyzerId</identifier>
                <componentName>serviceDataAnalyzer</componentName>
            </componentInstance>
        </itemInstances>
        <name>Facet-715243a4-0770-44dd-b3be-fe2842f81435</name>
        <type>Facet</type>
    </flexiPageRegions>
    <flexiPageRegions>
        <itemInstances>
            <componentInstance>
                <identifier>liveDataId</identifier>
                <componentName>liveData</componentName>
            </componentInstance>
        </itemInstances>
        <name>Facet-c727db8e-413a-4345-880d-f057274fc2c0</name>
        <type>Facet</type>
    </flexiPageRegions>
    <flexiPageRegions>
        <itemInstances>
            <componentInstance>
                <identifier>tabDetailId</identifier>
                <componentInstanceProperties>
                    <name>body</name>
                    <value>Facet-95a6bf02-c634-4364-9b41-2452e7fd1a07</value>
                </componentInstanceProperties>
                <componentInstanceProperties>
                    <name>title</name>
                    <value>Standard.Tab.detail</value>
                </componentInstanceProperties>
                <componentName>flexipage:tab</componentName>
            </componentInstance>
        </itemInstances>
        <itemInstances>
            <componentInstance>
                <identifier>batteryDiagnosticId</identifier>
                <componentInstanceProperties>
                    <name>body</name>
                    <value>Facet-715243a4-0770-44dd-b3be-fe2842f81435</value>
                </componentInstanceProperties>
                <componentInstanceProperties>
                    <name>title</name>
                    <value>Battery Diagnostic</value>
                </componentInstanceProperties>
                <componentName>flexipage:tab</componentName>
            </componentInstance>
        </itemInstances>
        <itemInstances>
            <componentInstance>
                <identifier>realTimeDataId</identifier>
                <componentInstanceProperties>
                    <name>body</name>
                    <value>Facet-c727db8e-413a-4345-880d-f057274fc2c0</value>
                </componentInstanceProperties>
                <componentInstanceProperties>
                    <name>title</name>
                    <value>Real Time Data</value>
                </componentInstanceProperties>
                <componentName>flexipage:tab</componentName>
            </componentInstance>
        </itemInstances>
        <name>Facet-38cedcaa-ed10-4a02-a8e4-464fe70153e9</name>
        <type>Facet</type>
    </flexiPageRegions>
    <flexiPageRegions>
        <itemInstances>
            <componentInstance>
                <identifier>tabsetId</identifier>
                <componentInstanceProperties>
                    <name>tabs</name>
                    <value>Facet-38cedcaa-ed10-4a02-a8e4-464fe70153e9</value>
                </componentInstanceProperties>
                <componentName>flexipage:tabset</componentName>
            </componentInstance>
        </itemInstances>
        <name>main</name>
        <type>Region</type>
    </flexiPageRegions>
    <flexiPageRegions>
        <itemInstances>
            <componentInstance>
                <identifier>recordFeedId</identifier>
                <componentName>forceChatter:recordFeedContainer</componentName>
            </componentInstance>
        </itemInstances>
        <name>sidebar</name>
        <type>Region</type>
    </flexiPageRegions>
    <masterLabel>Case Record Page with right sidebar</masterLabel>
    <sobjectType>Case</sobjectType>
    <template>
        <name>flexipage:recordHomeTemplateDesktop</name>
    </template>
    <type>RecordPage</type>
</FlexiPage>
