<?xml version="1.0" encoding="UTF-8" ?>
<Flow xmlns="http://soap.sforce.com/2006/04/metadata">
    <status>ACTIVE</status>
    <actionCalls>
        <name>eventContextErrorEmail</name>
        <label>Context Error Email</label>
        <locationX>0</locationX>
        <locationY>0</locationY>
        <actionName>emailSimple</actionName>
        <actionType>emailSimple</actionType>
        <inputParameters>
            <name>emailSubject</name>
            <value>
                <stringValue
                >Salesforce Bundle Ordered process didn&apos;t start: No matching records found</stringValue>
            </value>
        </inputParameters>
        <inputParameters>
            <name>emailBody</name>
            <value>
                <elementReference>noRecordsFoundTextTemplate</elementReference>
            </value>
        </inputParameters>
        <inputParameters>
            <name>emailAddresses</name>
            <value>
                <stringValue>ccoenraets@salesforce.com</stringValue>
            </value>
        </inputParameters>
    </actionCalls>
    <actionCalls>
        <name>eventContextMoreEmail</name>
        <label>Context Error Email</label>
        <locationX>0</locationX>
        <locationY>0</locationY>
        <actionName>emailSimple</actionName>
        <actionType>emailSimple</actionType>
        <inputParameters>
            <name>emailSubject</name>
            <value>
                <stringValue
                >Salesforce Bundle Ordered process didn&apos;t start: Multiple matching records found</stringValue>
            </value>
        </inputParameters>
        <inputParameters>
            <name>emailBody</name>
            <value>
                <elementReference
                >multipleRecordsFoundTextTemplate</elementReference>
            </value>
        </inputParameters>
        <inputParameters>
            <name>emailAddresses</name>
            <value>
                <stringValue>ccoenraets@salesforce.com</stringValue>
            </value>
        </inputParameters>
    </actionCalls>
    <assignments>
        <name>RecordCountAssignment</name>
        <label>RecordCountAssignment</label>
        <locationX>0</locationX>
        <locationY>0</locationY>
        <assignmentItems>
            <assignToReference>myVariable_event_record_count</assignToReference>
            <operator>Add</operator>
            <value>
                <numberValue>1.0</numberValue>
            </value>
        </assignmentItems>
        <assignmentItems>
            <assignToReference>myVariable_event_context</assignToReference>
            <operator>Assign</operator>
            <value>
                <elementReference
                >myVariable_event_current_record</elementReference>
            </value>
        </assignmentItems>
        <connector>
            <targetReference>eventContextCheckLoop</targetReference>
        </connector>
    </assignments>
    <decisions>
        <name>eventContextCheckDecision</name>
        <label>ContextCheckDecision</label>
        <locationX>0</locationX>
        <locationY>0</locationY>
        <defaultConnector>
            <targetReference>myDecision</targetReference>
        </defaultConnector>
        <defaultConnectorLabel>default</defaultConnectorLabel>
        <rules>
            <name>eventContextCheckRule</name>
            <conditionLogic>and</conditionLogic>
            <conditions>
                <leftValueReference
                >myVariable_event_record_count</leftValueReference>
                <operator>EqualTo</operator>
                <rightValue>
                    <numberValue>0.0</numberValue>
                </rightValue>
            </conditions>
            <connector>
                <targetReference>eventContextErrorEmail</targetReference>
            </connector>
            <label>Context Check Decision - Is Zero</label>
        </rules>
        <rules>
            <name>eventContextGtOneCheckRule</name>
            <conditionLogic>and</conditionLogic>
            <conditions>
                <leftValueReference
                >myVariable_event_record_count</leftValueReference>
                <operator>GreaterThan</operator>
                <rightValue>
                    <numberValue>1.0</numberValue>
                </rightValue>
            </conditions>
            <connector>
                <targetReference>eventContextMoreEmail</targetReference>
            </connector>
            <label>Context Check Decision - Greater than One</label>
        </rules>
    </decisions>
    <decisions>
        <processMetadataValues>
            <name>index</name>
            <value>
                <numberValue>0.0</numberValue>
            </value>
        </processMetadataValues>
        <name>myDecision</name>
        <label>myDecision</label>
        <locationX>50</locationX>
        <locationY>0</locationY>
        <defaultConnectorLabel>default</defaultConnectorLabel>
        <rules>
            <name>myRule_1</name>
            <conditionLogic>and</conditionLogic>
            <conditions>
                <leftValueReference>formula_myRule_1</leftValueReference>
                <operator>EqualTo</operator>
                <rightValue>
                    <booleanValue>true</booleanValue>
                </rightValue>
            </conditions>
            <connector>
                <targetReference>myRule_1_A1</targetReference>
            </connector>
            <label>Always</label>
        </rules>
    </decisions>
    <formulas>
        <processMetadataValues>
            <name>originalFormula</name>
            <value>
                <stringValue>TODAY() </stringValue>
            </value>
        </processMetadataValues>
        <name>formula_2_myRule_1_A2_3843570683</name>
        <dataType>Date</dataType>
        <expression>TODAY()</expression>
    </formulas>
    <formulas>
        <name>formula_myRule_1</name>
        <dataType>Boolean</dataType>
        <expression>true</expression>
    </formulas>
    <formulas>
        <name>OrganizationName</name>
        <dataType>String</dataType>
        <expression>{!$Organization.Name}</expression>
    </formulas>
    <interviewLabel>Bundle_Ordered-6_InterviewLabel</interviewLabel>
    <label>Bundle Ordered</label>
    <loops>
        <name>eventContextCheckLoop</name>
        <label>ContextCheckLoop</label>
        <locationX>0</locationX>
        <locationY>0</locationY>
        <assignNextValueToReference
        >myVariable_event_current_record</assignNextValueToReference>
        <collectionReference
        >myVariable_event_context_collection</collectionReference>
        <iterationOrder>Asc</iterationOrder>
        <nextValueConnector>
            <targetReference>RecordCountAssignment</targetReference>
        </nextValueConnector>
        <noMoreValuesConnector>
            <targetReference>eventContextCheckDecision</targetReference>
        </noMoreValuesConnector>
    </loops>
    <processMetadataValues>
        <name>EventType</name>
        <value>
            <stringValue>Bundle_Ordered__e</stringValue>
        </value>
    </processMetadataValues>
    <processMetadataValues>
        <name>ObjectType</name>
        <value>
            <stringValue>Bundle__c</stringValue>
        </value>
    </processMetadataValues>
    <processType>CustomEvent</processType>
    <recordLookups>
        <name>myEventContextRecordLookup</name>
        <label>myEventContextRecordLookup</label>
        <locationX>0</locationX>
        <locationY>0</locationY>
        <assignNullValuesIfNoRecordsFound
        >false</assignNullValuesIfNoRecordsFound>
        <connector>
            <targetReference>eventContextCheckLoop</targetReference>
        </connector>
        <filters>
            <processMetadataValues>
                <name>implicit</name>
                <value>
                    <booleanValue>false</booleanValue>
                </value>
            </processMetadataValues>
            <processMetadataValues>
                <name>inputDataType</name>
                <value>
                    <stringValue>ID</stringValue>
                </value>
            </processMetadataValues>
            <processMetadataValues>
                <name>leftHandSideLabel</name>
                <value>
                    <stringValue>Record ID</stringValue>
                </value>
            </processMetadataValues>
            <processMetadataValues>
                <name>leftHandSideReferenceTo</name>
                <value>
                    <stringValue />
                </value>
            </processMetadataValues>
            <processMetadataValues>
                <name>leftHandSideType</name>
                <value>
                    <stringValue>ID</stringValue>
                </value>
            </processMetadataValues>
            <processMetadataValues>
                <name>operatorDataType</name>
                <value>
                    <stringValue>String</stringValue>
                </value>
            </processMetadataValues>
            <processMetadataValues>
                <name>rightHandSideType</name>
                <value>
                    <stringValue>Event</stringValue>
                </value>
            </processMetadataValues>
            <field>Id</field>
            <operator>EqualTo</operator>
            <value>
                <elementReference
                >myVariable_myEvent.Bundle_Id__c</elementReference>
            </value>
        </filters>
        <object>Bundle__c</object>
        <outputReference>myVariable_event_context_collection</outputReference>
    </recordLookups>
    <recordUpdates>
        <processMetadataValues>
            <name>evaluationType</name>
            <value>
                <stringValue>always</stringValue>
            </value>
        </processMetadataValues>
        <processMetadataValues>
            <name>isChildRelationship</name>
            <value>
                <booleanValue>false</booleanValue>
            </value>
        </processMetadataValues>
        <processMetadataValues>
            <name>reference</name>
            <value>
                <stringValue>[Bundle__c]</stringValue>
            </value>
        </processMetadataValues>
        <name>myRule_1_A1</name>
        <label>Change Bundle Status</label>
        <locationX>100</locationX>
        <locationY>200</locationY>
        <connector>
            <targetReference>myRule_1_A2</targetReference>
        </connector>
        <filters>
            <processMetadataValues>
                <name>implicit</name>
                <value>
                    <booleanValue>true</booleanValue>
                </value>
            </processMetadataValues>
            <field>Id</field>
            <operator>EqualTo</operator>
            <value>
                <elementReference>myVariable_event_context.Id</elementReference>
            </value>
        </filters>
        <inputAssignments>
            <processMetadataValues>
                <name>dataType</name>
                <value>
                    <stringValue>Picklist</stringValue>
                </value>
            </processMetadataValues>
            <processMetadataValues>
                <name>isRequired</name>
                <value>
                    <booleanValue>false</booleanValue>
                </value>
            </processMetadataValues>
            <processMetadataValues>
                <name>leftHandSideLabel</name>
                <value>
                    <stringValue>Status</stringValue>
                </value>
            </processMetadataValues>
            <processMetadataValues>
                <name>leftHandSideReferenceTo</name>
                <value>
                    <stringValue />
                </value>
            </processMetadataValues>
            <processMetadataValues>
                <name>rightHandSideType</name>
                <value>
                    <stringValue>Picklist</stringValue>
                </value>
            </processMetadataValues>
            <field>Status__c</field>
            <value>
                <stringValue>Ordered by Distributor</stringValue>
            </value>
        </inputAssignments>
        <object>Bundle__c</object>
    </recordUpdates>
    <recordUpdates>
        <processMetadataValues>
            <name>evaluationType</name>
            <value>
                <stringValue>always</stringValue>
            </value>
        </processMetadataValues>
        <processMetadataValues>
            <name>isChildRelationship</name>
            <value>
                <booleanValue>false</booleanValue>
            </value>
        </processMetadataValues>
        <processMetadataValues>
            <name>reference</name>
            <value>
                <stringValue>[Bundle__c]</stringValue>
            </value>
        </processMetadataValues>
        <name>myRule_1_A2</name>
        <label>Order</label>
        <locationX>100</locationX>
        <locationY>300</locationY>
        <filters>
            <processMetadataValues>
                <name>implicit</name>
                <value>
                    <booleanValue>true</booleanValue>
                </value>
            </processMetadataValues>
            <field>Id</field>
            <operator>EqualTo</operator>
            <value>
                <elementReference>myVariable_event_context.Id</elementReference>
            </value>
        </filters>
        <inputAssignments>
            <processMetadataValues>
                <name>dataType</name>
                <value>
                    <stringValue>ID</stringValue>
                </value>
            </processMetadataValues>
            <processMetadataValues>
                <name>isRequired</name>
                <value>
                    <booleanValue>false</booleanValue>
                </value>
            </processMetadataValues>
            <processMetadataValues>
                <name>leftHandSideLabel</name>
                <value>
                    <stringValue>Account</stringValue>
                </value>
            </processMetadataValues>
            <processMetadataValues>
                <name>leftHandSideReferenceTo</name>
                <value>
                    <stringValue>Account</stringValue>
                </value>
            </processMetadataValues>
            <processMetadataValues>
                <name>rightHandSideType</name>
                <value>
                    <stringValue>Event</stringValue>
                </value>
            </processMetadataValues>
            <field>Account__c</field>
            <value>
                <elementReference
                >myVariable_myEvent.Account_Id__c</elementReference>
            </value>
        </inputAssignments>
        <inputAssignments>
            <processMetadataValues>
                <name>dataType</name>
                <value>
                    <stringValue>Date</stringValue>
                </value>
            </processMetadataValues>
            <processMetadataValues>
                <name>isRequired</name>
                <value>
                    <booleanValue>false</booleanValue>
                </value>
            </processMetadataValues>
            <processMetadataValues>
                <name>leftHandSideLabel</name>
                <value>
                    <stringValue>Date Ordered</stringValue>
                </value>
            </processMetadataValues>
            <processMetadataValues>
                <name>leftHandSideReferenceTo</name>
                <value>
                    <stringValue />
                </value>
            </processMetadataValues>
            <processMetadataValues>
                <name>rightHandSideType</name>
                <value>
                    <stringValue>Formula</stringValue>
                </value>
            </processMetadataValues>
            <field>Date_Ordered__c</field>
            <value>
                <elementReference
                >formula_2_myRule_1_A2_3843570683</elementReference>
            </value>
        </inputAssignments>
        <object>Bundle__c</object>
    </recordUpdates>
    <startElementReference>myEventContextRecordLookup</startElementReference>
    <textTemplates>
        <description
        >text template for when multiple records are records found</description>
        <name>multipleRecordsFoundTextTemplate</name>
        <text>Hello {!OrganizationName} Admin,

The Bundle Ordered process is configured to start when a Bundle Ordered platform event message occurs. A Bundle Ordered message occurred, but the process didn&apos;t start because multiple records in your org match the values specified in the process&apos;s Object node.

Here are the values from the Bundle Ordered message.
Bundle Id: {!myVariable_myEvent.Bundle_Id__c}

To fix this issue, adjust the matching filters in the process&apos;s Object node.

Thank you,
Salesforce Process Automation</text>
    </textTemplates>
    <textTemplates>
        <description>text template for no records found</description>
        <name>noRecordsFoundTextTemplate</name>
        <text>Hello {!OrganizationName} Admin,

The Bundle Ordered process is configured to start when a Bundle Ordered platform event message occurs. A Bundle Ordered message occurred, but the process didn&apos;t start because no records in your org match the values specified in the process&apos;s Object node.

Here are the values from the Bundle Ordered message.
Bundle Id: {!myVariable_myEvent.Bundle_Id__c}

To fix this issue, adjust the matching filters in the process&apos;s Object node.

Thank you,
Salesforce Process Automation</text>
    </textTemplates>
    <variables>
        <name>myVariable_event_context</name>
        <dataType>SObject</dataType>
        <isCollection>false</isCollection>
        <isInput>true</isInput>
        <isOutput>true</isOutput>
        <objectType>Bundle__c</objectType>
    </variables>
    <variables>
        <name>myVariable_event_context_collection</name>
        <dataType>SObject</dataType>
        <isCollection>true</isCollection>
        <isInput>true</isInput>
        <isOutput>true</isOutput>
        <objectType>Bundle__c</objectType>
    </variables>
    <variables>
        <name>myVariable_event_current_record</name>
        <dataType>SObject</dataType>
        <isCollection>false</isCollection>
        <isInput>true</isInput>
        <isOutput>true</isOutput>
        <objectType>Bundle__c</objectType>
    </variables>
    <variables>
        <name>myVariable_event_record_count</name>
        <dataType>Number</dataType>
        <isCollection>false</isCollection>
        <isInput>true</isInput>
        <isOutput>true</isOutput>
        <scale>2</scale>
        <value>
            <numberValue>0.0</numberValue>
        </value>
    </variables>
    <variables>
        <name>myVariable_myEvent</name>
        <dataType>SObject</dataType>
        <isCollection>false</isCollection>
        <isInput>true</isInput>
        <isOutput>false</isOutput>
        <objectType>Bundle_Ordered__e</objectType>
    </variables>
</Flow>
