<?xml version="1.0" encoding="UTF-8" ?>
<CustomField xmlns="http://soap.sforce.com/2006/04/metadata">
    <fullName>Case_Category__c</fullName>
    <externalId>false</externalId>
    <label>Case Category</label>
    <required>false</required>
    <trackFeedHistory>false</trackFeedHistory>
    <trackHistory>false</trackHistory>
    <trackTrending>false</trackTrending>
    <type>Picklist</type>
    <valueSet>
        <restricted>true</restricted>
        <valueSetDefinition>
            <sorted>false</sorted>
            <value>
                <fullName>Mechanical</fullName>
                <default>false</default>
                <label>Mechanical</label>
            </value>
            <value>
                <fullName>Electrical</fullName>
                <default>false</default>
                <label>Electrical</label>
            </value>
            <value>
                <fullName>Electronic</fullName>
                <default>false</default>
                <label>Electronic</label>
            </value>
            <value>
                <fullName>Structural</fullName>
                <default>false</default>
                <label>Structural</label>
            </value>
            <value>
                <fullName>Other</fullName>
                <default>false</default>
                <label>Other</label>
            </value>
        </valueSetDefinition>
    </valueSet>
</CustomField>
