<?xml version="1.0" encoding="UTF-8" ?>
<CustomField xmlns="http://soap.sforce.com/2006/04/metadata">
    <fullName>Activity_Level__c</fullName>
    <description
    >Categorizes the experience based on its physical intensity or required skill level, with values ranging from &quot;Low&quot; for relaxed activities to &quot;High&quot; for more vigorous or skill-intensive experiences.</description>
    <label>Activity Level</label>
    <required>false</required>
    <trackTrending>false</trackTrending>
    <type>Picklist</type>
    <valueSet>
        <valueSetDefinition>
            <sorted>false</sorted>
            <value>
                <fullName>Low</fullName>
                <default>false</default>
                <label>Low</label>
            </value>
            <value>
                <fullName>Medium</fullName>
                <default>false</default>
                <label>Medium</label>
            </value>
            <value>
                <fullName>High</fullName>
                <default>false</default>
                <label>High</label>
            </value>
        </valueSetDefinition>
    </valueSet>
</CustomField>
