<?xml version="1.0" encoding="UTF-8" ?>
<CustomField xmlns="http://soap.sforce.com/2006/04/metadata">
    <fullName>Capacity__c</fullName>
    <description
    >Defines the maximum number of participants that can be accommodated in a single session of the experience, ensuring optimal guest enjoyment and safety.</description>
    <externalId>false</externalId>
    <label>Capacity</label>
    <precision>4</precision>
    <required>false</required>
    <scale>0</scale>
    <trackTrending>false</trackTrending>
    <type>Number</type>
    <unique>false</unique>
</CustomField>
