<?xml version="1.0" encoding="UTF-8" ?>
<CustomField xmlns="http://soap.sforce.com/2006/04/metadata">
    <fullName>Description__c</fullName>
    <description
    >Provides a detailed overview of the experience, including what guests can expect, any prerequisites or recommendations, and unique highlights that distinguish this activity or service.</description>
    <label>Description</label>
    <length>32768</length>
    <trackTrending>false</trackTrending>
    <type>LongTextArea</type>
    <visibleLines>25</visibleLines>
</CustomField>
