<?xml version="1.0" encoding="UTF-8" ?>
<CustomField xmlns="http://soap.sforce.com/2006/04/metadata">
    <fullName>Duration_Hours__c</fullName>
    <description
    >Indicates the length of time in hours that the experience is expected to last. This information helps guests plan their schedules and enables the resort to efficiently manage bookings and availability.</description>
    <externalId>false</externalId>
    <label>Duration (Hours)</label>
    <precision>4</precision>
    <required>false</required>
    <scale>2</scale>
    <trackTrending>false</trackTrending>
    <type>Number</type>
    <unique>false</unique>
</CustomField>
