<?xml version="1.0" encoding="UTF-8" ?>
<CustomField xmlns="http://soap.sforce.com/2006/04/metadata">
    <fullName>Picture_URL__c</fullName>
    <description
    >The Picture_URL__c field stores the web address (URL) of an image representing the experience, providing a visual reference for guests on different platforms and promotional materials.</description>
    <label>Picture URL</label>
    <required>false</required>
    <trackTrending>false</trackTrending>
    <type>Url</type>
</CustomField>
