<?xml version="1.0" encoding="UTF-8" ?>
<CustomField xmlns="http://soap.sforce.com/2006/04/metadata">
    <fullName>Rating__c</fullName>
    <description>The average Guest Rating</description>
    <externalId>false</externalId>
    <formula>Sum_of_Guest_Reviews__c / Total_Guest_Reviews__c</formula>
    <formulaTreatBlanksAs>BlankAsZero</formulaTreatBlanksAs>
    <label>Rating</label>
    <precision>18</precision>
    <required>false</required>
    <scale>1</scale>
    <trackTrending>false</trackTrending>
    <type>Number</type>
    <unique>false</unique>
</CustomField>
