<?xml version="1.0" encoding="UTF-8" ?>
<Prompt xmlns="http://soap.sforce.com/2006/04/metadata">
    <masterLabel>Record Lists</masterLabel>
    <promptVersions>
        <body
        >To display lists of records, use lightning-datatable base component. It provides advanced features as inline editing, infinite scrolling, head and row level actions, and much more.</body>
        <delayDays>1</delayDays>
        <dismissButtonLabel>Close</dismissButtonLabel>
        <displayPosition>TopCenter</displayPosition>
        <displayType>FloatingPanel</displayType>
        <isPublished>true</isPublished>
        <masterLabel>Record Lists Step 1</masterLabel>
        <publishedDate>2020-08-13</publishedDate>
        <shouldDisplayActionButton>false</shouldDisplayActionButton>
        <shouldIgnoreGlobalDelay>true</shouldIgnoreGlobalDelay>
        <startDate>2020-08-13</startDate>
        <stepNumber>1</stepNumber>
        <customApplication>Visualforce_to_LWC</customApplication>
        <targetPageKey1>Record_Lists</targetPageKey1>
        <targetPageType>standard__navItemPage</targetPageType>
        <timesToDisplay>1</timesToDisplay>
        <title>Records Lists in lightning-datatable</title>
        <userAccess>Everyone</userAccess>
        <userProfileAccess>Everyone</userProfileAccess>
        <versionNumber>1</versionNumber>
    </promptVersions>
    <promptVersions>
        <body
        >The first examples in this page showcase how to use lightning-datatable in combination with Apex to solve some typical record lists use cases.</body>
        <dismissButtonLabel>Close</dismissButtonLabel>
        <displayPosition>TopCenter</displayPosition>
        <displayType>FloatingPanel</displayType>
        <isPublished>false</isPublished>
        <masterLabel>Record Lists Step 2</masterLabel>
        <shouldDisplayActionButton>false</shouldDisplayActionButton>
        <shouldIgnoreGlobalDelay>true</shouldIgnoreGlobalDelay>
        <stepNumber>2</stepNumber>
        <customApplication>Visualforce_to_LWC</customApplication>
        <targetPageKey1>Record_Lists</targetPageKey1>
        <targetPageType>standard__navItemPage</targetPageType>
        <title>Retrieving Records with Apex</title>
        <userAccess>Everyone</userAccess>
        <userProfileAccess>Everyone</userProfileAccess>
        <versionNumber>1</versionNumber>
    </promptVersions>
    <promptVersions>
        <actionButtonLabel>Code Tours</actionButtonLabel>
        <actionButtonLink
        >https://github.com/trailheadapps/visualforce-to-lwc#code-tours</actionButtonLink>
        <body
        >You&#39;ve now completed the Visualforce to LWC sample app tour. &lt;b&gt;We hope you enjoyed the trip!&lt;/b&gt; Next you can take a look at the different tabs of the app or explore VSCode code tours to learn more about the app code.</body>
        <dismissButtonLabel>Close</dismissButtonLabel>
        <displayPosition>BottomCenter</displayPosition>
        <displayType>FloatingPanel</displayType>
        <isPublished>false</isPublished>
        <masterLabel>Record Lists Step 3</masterLabel>
        <shouldDisplayActionButton>true</shouldDisplayActionButton>
        <shouldIgnoreGlobalDelay>true</shouldIgnoreGlobalDelay>
        <stepNumber>3</stepNumber>
        <customApplication>Visualforce_to_LWC</customApplication>
        <targetPageKey1>Record_Lists</targetPageKey1>
        <targetPageType>standard__navItemPage</targetPageType>
        <title>Wrapping Up</title>
        <userAccess>Everyone</userAccess>
        <userProfileAccess>Everyone</userProfileAccess>
        <versionNumber>1</versionNumber>
    </promptVersions>
</Prompt>
