<?xml version="1.0" encoding="UTF-8" ?>
<LightningComponentBundle xmlns="http://soap.sforce.com/2006/04/metadata">
    <apiVersion>51.0</apiVersion>
    <isExposed>true</isExposed>
    <masterLabel>Agent Navigation Menu</masterLabel>
    <description
    >Custom Navigation Menu for Authenticated Agent Users</description>
    <targets>
        <target>lightningCommunity__Page</target>
        <target>lightningCommunity__Default</target>
    </targets>
    <targetConfigs>
        <targetConfig targets="lightningCommunity__Default">
            <property
                name="menuName"
                type="String"
                datasource="apex://NavigationLinkSetPickList"
                label="Navigation Menu Name"
                description="The name of the Navigation Menu Linkset, which can be configured in Settings > Navigation"
            />
        </targetConfig>
    </targetConfigs>
</LightningComponentBundle>
