<?xml version="1.0" encoding="UTF-8" ?>
<ListView xmlns="http://soap.sforce.com/2006/04/metadata">
    <fullName>AllClosedCases</fullName>
    <columns>CASES.CASE_NUMBER</columns>
    <columns>NAME</columns>
    <columns>CASES.SUBJECT</columns>
    <columns>CASES.STATUS</columns>
    <columns>CASES.PRIORITY</columns>
    <columns>CASES.CREATED_DATE</columns>
    <columns>CORE.USERS.ALIAS</columns>
    <filterScope>Everything</filterScope>
    <filters>
        <field>CASES.CLOSED</field>
        <operation>equals</operation>
        <value>1</value>
    </filters>
    <label>All Closed Cases</label>
</ListView>
