[
    {
        "sobject": "Experience__c",
        "saveRefs": true,
        "resolveRefs": false,
        "files": ["data-Experience__c.json"]
    },
    {
        "sobject": "Contact",
        "saveRefs": true,
        "resolveRefs": false,
        "files": ["data-Contact.json"]
    },
    {
        "sobject": "Guest_Review__c",
        "saveRefs": false,
        "resolveRefs": true,
        "files": ["data-Guest_Review__c.json"]
    },
    {
        "sobject": "Case",
        "saveRefs": false,
        "resolveRefs": true,
        "files": ["data-Case.json"]
    }
]
