<?xml version="1.0" encoding="UTF-8" ?>
<ManagedContentType xmlns="http://soap.sforce.com/2006/04/metadata">
    <description>Used to store blog posts</description>
    <developerName>cms_blogpost</developerName>
    <managedContentNodeTypes>
        <helpText>This is the title of the blog post.</helpText>
        <isLocalizable>false</isLocalizable>
        <isRequired>true</isRequired>
        <nodeLabel>Title</nodeLabel>
        <nodeName>title</nodeName>
        <nodeType>NAMEFIELD</nodeType>
    </managedContentNodeTypes>
    <managedContentNodeTypes>
        <helpText>This is the blog image.</helpText>
        <isLocalizable>false</isLocalizable>
        <isRequired>true</isRequired>
        <nodeLabel>Blog Image</nodeLabel>
        <nodeName>blogImage</nodeName>
        <nodeType>IMG</nodeType>
    </managedContentNodeTypes>
    <managedContentNodeTypes>
        <helpText>This is the alt text for the blog image.</helpText>
        <isLocalizable>false</isLocalizable>
        <isRequired>true</isRequired>
        <nodeLabel>Alt text for blog image</nodeLabel>
        <nodeName>blogImageAltText</nodeName>
        <nodeType>TEXT</nodeType>
    </managedContentNodeTypes>
    <managedContentNodeTypes>
        <helpText>This is the blog excerpt text.</helpText>
        <isLocalizable>false</isLocalizable>
        <isRequired>true</isRequired>
        <nodeLabel>Blog Excerpt</nodeLabel>
        <nodeName>blogExcerpt</nodeName>
        <nodeType>TEXT</nodeType>
    </managedContentNodeTypes>
    <managedContentNodeTypes>
        <helpText>This is the blog main text.</helpText>
        <isLocalizable>false</isLocalizable>
        <isRequired>true</isRequired>
        <nodeLabel>Blog Body</nodeLabel>
        <nodeName>blogBody</nodeName>
        <nodeType>MTEXT</nodeType>
    </managedContentNodeTypes>
    <masterLabel>Blog Post</masterLabel>
</ManagedContentType>
