<?xml version="1.0" encoding="UTF-8" ?>
<ManagedContentType xmlns="http://soap.sforce.com/2006/04/metadata">
    <description
    >Used to display content in a custom Carousel Component</description>
    <developerName>cms_carouselimage</developerName>
    <managedContentNodeTypes>
        <helpText>This is the header text in the carousel image</helpText>
        <isLocalizable>false</isLocalizable>
        <isRequired>true</isRequired>
        <nodeLabel>Title</nodeLabel>
        <nodeName>title</nodeName>
        <nodeType>NAMEFIELD</nodeType>
    </managedContentNodeTypes>
    <managedContentNodeTypes>
        <helpText>This is the sub header text on the carousel image</helpText>
        <isLocalizable>false</isLocalizable>
        <isRequired>false</isRequired>
        <nodeLabel>Excerpt</nodeLabel>
        <nodeName>excerpt</nodeName>
        <nodeType>MTEXT</nodeType>
    </managedContentNodeTypes>
    <managedContentNodeTypes>
        <helpText
        >This in the image to be shown alongside the header text</helpText>
        <isLocalizable>false</isLocalizable>
        <isRequired>false</isRequired>
        <nodeLabel>Banner Image</nodeLabel>
        <nodeName>bannerImage</nodeName>
        <nodeType>IMG</nodeType>
    </managedContentNodeTypes>
    <managedContentNodeTypes>
        <helpText
        >The label for the 1st button, leave blank if no button is required</helpText>
        <isLocalizable>false</isLocalizable>
        <isRequired>false</isRequired>
        <nodeLabel>Button Label 1</nodeLabel>
        <nodeName>buttonLabel1</nodeName>
        <nodeType>TEXT</nodeType>
    </managedContentNodeTypes>
    <managedContentNodeTypes>
        <helpText
        >The button style variant {brand, neutral, base, success, brand outline, etc.}</helpText>
        <isLocalizable>false</isLocalizable>
        <isRequired>false</isRequired>
        <nodeLabel>Button Variant 1</nodeLabel>
        <nodeName>buttonVariant1</nodeName>
        <nodeType>TEXT</nodeType>
    </managedContentNodeTypes>
    <managedContentNodeTypes>
        <helpText
        >The Lightning Navigation type. {comm__namedPage, standard__objectPage,  standard__webPage }</helpText>
        <isLocalizable>false</isLocalizable>
        <isRequired>false</isRequired>
        <nodeLabel>Button Navigation Type 1</nodeLabel>
        <nodeName>buttonNavigationType1</nodeName>
        <nodeType>TEXT</nodeType>
        <placeholderText>comm__namedPage</placeholderText>
    </managedContentNodeTypes>
    <managedContentNodeTypes>
        <helpText
        >The &apos;link&apos; or Page API Name the button should redirect to</helpText>
        <isLocalizable>false</isLocalizable>
        <isRequired>false</isRequired>
        <nodeLabel>Button URL / Page API Name 1</nodeLabel>
        <nodeName>buttonUrl1</nodeName>
        <nodeType>TEXT</nodeType>
        <placeholderText>Home</placeholderText>
    </managedContentNodeTypes>
    <managedContentNodeTypes>
        <helpText
        >The Lightning Navigation type, i. e. {comm__namedPage,  standard__webPage}</helpText>
        <isLocalizable>false</isLocalizable>
        <isRequired>false</isRequired>
        <nodeLabel>Button Label 2</nodeLabel>
        <nodeName>buttonLabel2</nodeName>
        <nodeType>TEXT</nodeType>
    </managedContentNodeTypes>
    <managedContentNodeTypes>
        <helpText
        >The button style variant, i. e. {brand, neutral, base, success, brand outline, etc.}</helpText>
        <isLocalizable>false</isLocalizable>
        <isRequired>false</isRequired>
        <nodeLabel>Button Variant 2</nodeLabel>
        <nodeName>buttonVariant2</nodeName>
        <nodeType>TEXT</nodeType>
    </managedContentNodeTypes>
    <managedContentNodeTypes>
        <helpText
        >The Lightning Navigation type, i. e. {comm__namedPage,  standard__webPage}</helpText>
        <isLocalizable>false</isLocalizable>
        <isRequired>false</isRequired>
        <nodeLabel>Button Navigation Type 2</nodeLabel>
        <nodeName>buttonNavigationType2</nodeName>
        <nodeType>TEXT</nodeType>
        <placeholderText>comm__namedPage</placeholderText>
    </managedContentNodeTypes>
    <managedContentNodeTypes>
        <helpText
        >The &apos;link&apos; or Page API Name the button should redirect to</helpText>
        <isLocalizable>false</isLocalizable>
        <isRequired>false</isRequired>
        <nodeLabel>Button URL / Page API Name 2</nodeLabel>
        <nodeName>buttonUrl2</nodeName>
        <nodeType>TEXT</nodeType>
        <placeholderText>Home</placeholderText>
    </managedContentNodeTypes>
    <masterLabel>Carousel Image</masterLabel>
</ManagedContentType>
