<?xml version="1.0" encoding="UTF-8" ?>
<CustomField xmlns="http://soap.sforce.com/2006/04/metadata">
    <fullName>Country__c</fullName>
    <externalId>false</externalId>
    <label>Country</label>
    <required>false</required>
    <trackTrending>false</trackTrending>
    <type>Picklist</type>
    <valueSet>
        <restricted>true</restricted>
        <valueSetDefinition>
            <sorted>false</sorted>
            <value>
                <fullName>United States</fullName>
                <default>false</default>
                <label>United States</label>
            </value>
            <value>
                <fullName>Canada</fullName>
                <default>false</default>
                <label>Canada</label>
            </value>
            <value>
                <fullName>Trinidad and Tobago</fullName>
                <default>false</default>
                <label>Trinidad and Tobago</label>
            </value>
            <value>
                <fullName>London</fullName>
                <default>false</default>
                <label>London</label>
            </value>
            <value>
                <fullName>Brazil</fullName>
                <default>false</default>
                <label>Brazil</label>
            </value>
            <value>
                <fullName>Japan</fullName>
                <default>false</default>
                <label>Japan</label>
            </value>
            <value>
                <fullName>South Africa</fullName>
                <default>false</default>
                <label>South Africa</label>
            </value>
            <value>
                <fullName>Amsterdam</fullName>
                <default>false</default>
                <label>Amsterdam</label>
            </value>
        </valueSetDefinition>>
    </valueSet>
</CustomField>
