<?xml version="1.0" encoding="UTF-8" ?>
<Dashboard xmlns="http://soap.sforce.com/2006/04/metadata">
    <backgroundEndColor>#FFFFFF</backgroundEndColor>
    <backgroundFadeDirection>Diagonal</backgroundFadeDirection>
    <backgroundStartColor>#FFFFFF</backgroundStartColor>
    <dashboardGridLayout>
        <dashboardGridComponents>
            <colSpan>2</colSpan>
            <columnIndex>0</columnIndex>
            <dashboardComponent>
                <autoselectColumnsFromReport>false</autoselectColumnsFromReport>
                <chartSummary>
                    <aggregate>Sum</aggregate>
                    <column>Property__c.Price__c</column>
                </chartSummary>
                <componentType>Metric</componentType>
                <header>Total Portfolio</header>
                <indicatorBreakpoint1>5000000.0</indicatorBreakpoint1>
                <indicatorBreakpoint2>1.0E7</indicatorBreakpoint2>
                <indicatorHighColor>#00716B</indicatorHighColor>
                <indicatorLowColor>#C23934</indicatorLowColor>
                <indicatorMiddleColor>#FFB75D</indicatorMiddleColor>
                <report>DreamHouse_Reports/Properties_by_Broker</report>
            </dashboardComponent>
            <rowIndex>0</rowIndex>
            <rowSpan>3</rowSpan>
        </dashboardGridComponents>
        <dashboardGridComponents>
            <colSpan>2</colSpan>
            <columnIndex>2</columnIndex>
            <dashboardComponent>
                <autoselectColumnsFromReport>false</autoselectColumnsFromReport>
                <chartAxisRange>Auto</chartAxisRange>
                <chartSummary>
                    <axisBinding>y</axisBinding>
                    <column>RowCount</column>
                </chartSummary>
                <componentType>Donut</componentType>
                <drillEnabled>false</drillEnabled>
                <drillToDetailEnabled>false</drillToDetailEnabled>
                <enableHover>false</enableHover>
                <expandOthers>true</expandOthers>
                <groupingColumn>BucketField_33803839</groupingColumn>
                <header>Portfolio Health</header>
                <legendPosition>Right</legendPosition>
                <report>DreamHouse_Reports/Portfolio_Health</report>
                <showPercentage>false</showPercentage>
                <showTotal>false</showTotal>
                <showValues>false</showValues>
                <sortBy>RowValueDescending</sortBy>
                <useReportChart>false</useReportChart>
            </dashboardComponent>
            <rowIndex>0</rowIndex>
            <rowSpan>3</rowSpan>
        </dashboardGridComponents>
        <dashboardGridComponents>
            <colSpan>5</colSpan>
            <columnIndex>4</columnIndex>
            <dashboardComponent>
                <autoselectColumnsFromReport>false</autoselectColumnsFromReport>
                <chartAxisRange>Auto</chartAxisRange>
                <chartSummary>
                    <aggregate>Sum</aggregate>
                    <axisBinding>y</axisBinding>
                    <column>Property__c.Days_On_Market__c</column>
                </chartSummary>
                <componentType>Bar</componentType>
                <drillEnabled>false</drillEnabled>
                <drillToDetailEnabled>false</drillToDetailEnabled>
                <enableHover>false</enableHover>
                <expandOthers>false</expandOthers>
                <groupingColumn>CUST_NAME</groupingColumn>
                <header>Days on Market</header>
                <legendPosition>Bottom</legendPosition>
                <report>DreamHouse_Reports/Days_on_Market</report>
                <showPercentage>false</showPercentage>
                <showPicturesOnCharts>false</showPicturesOnCharts>
                <showValues>true</showValues>
                <sortBy>RowValueDescending</sortBy>
                <useReportChart>false</useReportChart>
            </dashboardComponent>
            <rowIndex>0</rowIndex>
            <rowSpan>7</rowSpan>
        </dashboardGridComponents>
        <dashboardGridComponents>
            <colSpan>4</colSpan>
            <columnIndex>0</columnIndex>
            <dashboardComponent>
                <autoselectColumnsFromReport>false</autoselectColumnsFromReport>
                <chartAxisRange>Auto</chartAxisRange>
                <chartSummary>
                    <aggregate>Sum</aggregate>
                    <axisBinding>y</axisBinding>
                    <column>Property__c.Price__c</column>
                </chartSummary>
                <componentType>Column</componentType>
                <drillEnabled>false</drillEnabled>
                <drillToDetailEnabled>false</drillToDetailEnabled>
                <enableHover>false</enableHover>
                <expandOthers>false</expandOthers>
                <groupingColumn>FK_NAME</groupingColumn>
                <header>Properties by Broker</header>
                <legendPosition>Bottom</legendPosition>
                <report>DreamHouse_Reports/Properties_by_Broker</report>
                <showPercentage>false</showPercentage>
                <showValues>true</showValues>
                <sortBy>RowValueDescending</sortBy>
                <useReportChart>false</useReportChart>
            </dashboardComponent>
            <rowIndex>3</rowIndex>
            <rowSpan>4</rowSpan>
        </dashboardGridComponents>
        <numberOfColumns>9</numberOfColumns>
        <rowHeight>80</rowHeight>
    </dashboardGridLayout>
    <dashboardType>SpecifiedUser</dashboardType>
    <isGridLayout>true</isGridLayout>
    <runningUser>cc@spring18.org</runningUser>
    <textColor>#000000</textColor>
    <title>My Dashboard</title>
    <titleColor>#000000</titleColor>
    <titleSize>12</titleSize>
</Dashboard>
