{
  "packageDirectories": [
    {
      "path": "force-app",
      "default": true,
      "package": "vf2lwc",
      "versionName": "Spring '22",
      "versionNumber": "54.0.0.NEXT"
    }
  ],
  "namespace": "",
  "sourceApiVersion": "54.0",
  "packageAliases": {
    "vf2lwc": "0Ho3h000000CaiBCAS",
    "vf2lwc@53.0.0-3": "04t3h000004jt5sAAA",
    "vf2lwc@54.0.0-1": "04t3h000004KoIgAAK",
    "vf2lwc@54.0.0-3": "04t3h0000043uxVAAQ",
    "vf2lwc@54.0.0-5": "04t3h000004pOCrAAM",
    "vf2lwc@54.0.0-6": "04t3h0000046N3sAAE",
    "vf2lwc@54.0.0-7": "04t3h0000046N4MAAU"
  }
}