<?xml version="1.0" encoding="UTF-8" ?>
<FlexiPage xmlns="http://soap.sforce.com/2006/04/metadata">
    <flexiPageRegions>
        <itemInstances>
            <componentInstance>
                <componentInstanceProperties>
                    <name>collapsed</name>
                    <value>false</value>
                </componentInstanceProperties>
                <componentInstanceProperties>
                    <name>enableActionsConfiguration</name>
                    <value>false</value>
                </componentInstanceProperties>
                <componentInstanceProperties>
                    <name>enableActionsInNative</name>
                    <value>false</value>
                </componentInstanceProperties>
                <componentInstanceProperties>
                    <name>hideChatterActions</name>
                    <value>false</value>
                </componentInstanceProperties>
                <componentInstanceProperties>
                    <name>numVisibleActions</name>
                    <value>3</value>
                </componentInstanceProperties>
                <componentName>force:highlightsPanel</componentName>
                <identifier>force_highlightsPanel</identifier>
            </componentInstance>
        </itemInstances>
        <name>header</name>
        <type>Region</type>
    </flexiPageRegions>
    <flexiPageRegions>
        <itemInstances>
            <componentInstance>
                <componentInstanceProperties>
                    <name>relatedListComponentOverride</name>
                    <value>NONE</value>
                </componentInstanceProperties>
                <componentInstanceProperties>
                    <name>rowsToDisplay</name>
                    <value>10</value>
                </componentInstanceProperties>
                <componentInstanceProperties>
                    <name>showActionBar</name>
                    <value>true</value>
                </componentInstanceProperties>
                <componentName>force:relatedListContainer</componentName>
                <identifier>force_relatedListContainer</identifier>
            </componentInstance>
        </itemInstances>
        <name>relatedTabContent</name>
        <type>Facet</type>
    </flexiPageRegions>
    <flexiPageRegions>
        <itemInstances>
            <fieldInstance>
                <fieldItem>Record.Name</fieldItem>
                <identifier>RecordNameField1</identifier>
            </fieldInstance>
        </itemInstances>
        <itemInstances>
            <fieldInstance>
                <fieldItem>Record.Origin__c</fieldItem>
                <identifier>RecordOrigin_cField1</identifier>
            </fieldInstance>
        </itemInstances>
        <itemInstances>
            <fieldInstance>
                <fieldItem>Record.Start_Date__c</fieldItem>
                <identifier>RecordStart_Date_cField1</identifier>
            </fieldInstance>
        </itemInstances>
        <itemInstances>
            <fieldInstance>
                <fieldItem>Record.OwnerId</fieldItem>
                <identifier>RecordOwnerIdField1</identifier>
            </fieldInstance>
        </itemInstances>
        <itemInstances>
            <fieldInstance>
                <fieldItem>Record.Status__c</fieldItem>
                <identifier>RecordStatus_cField1</identifier>
            </fieldInstance>
        </itemInstances>
        <name>Facet-846e4dd1-c00d-45cc-be93-2c0cb36302b3</name>
        <type>Facet</type>
    </flexiPageRegions>
    <flexiPageRegions>
        <itemInstances>
            <fieldInstance>
                <fieldItem>Record.Description__c</fieldItem>
                <identifier>RecordDescription_cField1</identifier>
            </fieldInstance>
        </itemInstances>
        <itemInstances>
            <fieldInstance>
                <fieldItem>Record.Destination__c</fieldItem>
                <identifier>RecordDestination_cField1</identifier>
            </fieldInstance>
        </itemInstances>
        <itemInstances>
            <fieldInstance>
                <fieldItem>Record.End_Date__c</fieldItem>
                <identifier>RecordEnd_Date_cField1</identifier>
            </fieldInstance>
        </itemInstances>
        <itemInstances>
            <fieldInstance>
                <fieldItem>Record.Approver__c</fieldItem>
                <identifier>RecordApprover_cField1</identifier>
            </fieldInstance>
        </itemInstances>
        <itemInstances>
            <fieldInstance>
                <fieldItem>Record.Cost__c</fieldItem>
                <identifier>RecordCost_cField1</identifier>
            </fieldInstance>
        </itemInstances>
        <name>Facet-3ae5bc09-00a5-4a66-9eee-542441280d64</name>
        <type>Facet</type>
    </flexiPageRegions>
    <flexiPageRegions>
        <itemInstances>
            <componentInstance>
                <componentInstanceProperties>
                    <name>body</name>
                    <value>Facet-846e4dd1-c00d-45cc-be93-2c0cb36302b3</value>
                </componentInstanceProperties>
                <componentName>flexipage:column</componentName>
                <identifier>flexipage_column1</identifier>
            </componentInstance>
        </itemInstances>
        <itemInstances>
            <componentInstance>
                <componentInstanceProperties>
                    <name>body</name>
                    <value>Facet-3ae5bc09-00a5-4a66-9eee-542441280d64</value>
                </componentInstanceProperties>
                <componentName>flexipage:column</componentName>
                <identifier>flexipage_column2</identifier>
            </componentInstance>
        </itemInstances>
        <name>Facet-fdebbce7-4b74-4776-856d-0355d34a112e</name>
        <type>Facet</type>
    </flexiPageRegions>
    <flexiPageRegions>
        <itemInstances>
            <componentInstance>
                <componentInstanceProperties>
                    <name>columns</name>
                    <value>Facet-fdebbce7-4b74-4776-856d-0355d34a112e</value>
                </componentInstanceProperties>
                <componentInstanceProperties>
                    <name>label</name>
                    <value>Fields</value>
                </componentInstanceProperties>
                <componentName>flexipage:fieldSection</componentName>
                <identifier>flexipage_fieldSection1</identifier>
            </componentInstance>
        </itemInstances>
        <itemInstances>
            <componentInstance>
                <componentName>force:recordDetailPanelMobile</componentName>
                <identifier>force_recordDetailPanelMobile1</identifier>
            </componentInstance>
        </itemInstances>
        <name>detailTabContent</name>
        <type>Facet</type>
    </flexiPageRegions>
    <flexiPageRegions>
        <itemInstances>
            <componentInstance>
                <componentInstanceProperties>
                    <name>body</name>
                    <value>relatedTabContent</value>
                </componentInstanceProperties>
                <componentInstanceProperties>
                    <name>title</name>
                    <value>Standard.Tab.relatedLists</value>
                </componentInstanceProperties>
                <componentName>flexipage:tab</componentName>
                <identifier>relatedListsTab</identifier>
            </componentInstance>
        </itemInstances>
        <itemInstances>
            <componentInstance>
                <componentInstanceProperties>
                    <name>active</name>
                    <value>true</value>
                </componentInstanceProperties>
                <componentInstanceProperties>
                    <name>body</name>
                    <value>detailTabContent</value>
                </componentInstanceProperties>
                <componentInstanceProperties>
                    <name>title</name>
                    <value>Standard.Tab.detail</value>
                </componentInstanceProperties>
                <componentName>flexipage:tab</componentName>
                <identifier>detailTab</identifier>
            </componentInstance>
        </itemInstances>
        <name>maintabs</name>
        <type>Facet</type>
    </flexiPageRegions>
    <flexiPageRegions>
        <itemInstances>
            <componentInstance>
                <componentInstanceProperties>
                    <name>tabs</name>
                    <value>maintabs</value>
                </componentInstanceProperties>
                <componentName>flexipage:tabset</componentName>
                <identifier>flexipage_tabset</identifier>
            </componentInstance>
        </itemInstances>
        <name>main</name>
        <type>Region</type>
    </flexiPageRegions>
    <masterLabel>Travel Request Record Page</masterLabel>
    <sobjectType>Travel_Request__c</sobjectType>
    <template>
        <name>flexipage:recordHomeSingleColTemplateDesktop</name>
    </template>
    <type>RecordPage</type>
</FlexiPage>
