{
    "records": [
        {
            "attributes": {
                "type": "Account",
                "referenceId": "AccountRef1"
            },
            "Name": "Alpha Dynamics",
            "Type": "Technology Partner",
            "Phone": "3362227000",
            "NumberOfEmployees": 1000,
            "Website": "https://alpha.com"
        },
        {
            "attributes": {
                "type": "Account",
                "referenceId": "AccountRef2"
            },
            "Name": "Madison Investments",
            "Type": "Customer - Direct",
            "Phone": "7227003362",
            "NumberOfEmployees": 200,
            "Website": "https://madison-investments.com"
        },
        {
            "attributes": {
                "type": "Account",
                "referenceId": "AccountRef3"
            },
            "Name": "Burlington Textiles",
            "Type": "Customer - Direct",
            "Phone": "6179658855",
            "NumberOfEmployees": 10,
            "Website": "https://burlington.com"
        },
        {
            "attributes": {
                "type": "Account",
                "referenceId": "AccountRef4"
            },
            "Name": "GenePoint",
            "Type": "Customer - Direct",
            "Phone": "7819662255",
            "NumberOfEmployees": 3500,
            "Website": "https://genepoint.com"
        },
        {
            "attributes": {
                "type": "Account",
                "referenceId": "AccountRef5"
            },
            "Name": "OpenFloor Furniture",
            "Type": "Customer - Direct",
            "Phone": "9782554185",
            "NumberOfEmployees": 20000,
            "Website": "https://openfloor.com"
        },
        {
            "attributes": {
                "type": "Account",
                "referenceId": "AccountRef6"
            },
            "Name": "Express Logistics",
            "Type": "Customer - Direct",
            "Phone": "6175289966",
            "NumberOfEmployees": 47,
            "Website": "https://express-logistics.com"
        },
        {
            "attributes": {
                "type": "Account",
                "referenceId": "AccountRef7"
            },
            "Name": "Jefferson Management",
            "Type": "Customer - Direct",
            "Phone": "6179658877",
            "NumberOfEmployees": 152,
            "Website": "https://jefferson-management.com"
        },
        {
            "attributes": {
                "type": "Account",
                "referenceId": "AccountRef8"
            },
            "Name": "Northern Trail Travel",
            "Type": "Customer - Direct",
            "Phone": "9782551474",
            "NumberOfEmployees": 10200,
            "Website": "https://northern-trail-travel.com"
        },
        {
            "attributes": {
                "type": "Account",
                "referenceId": "AccountRef9"
            },
            "Name": "United Productions",
            "Type": "Customer - Direct",
            "Phone": "6178524569",
            "NumberOfEmployees": 25000,
            "Website": "https://united-productions.com"
        },
        {
            "attributes": {
                "type": "Account",
                "referenceId": "AccountRef10"
            },
            "Name": "Edge Communications",
            "Type": "Customer - Direct",
            "Phone": "4158563255",
            "NumberOfEmployees": 300,
            "Website": "https://edge-communications.com"
        }
    ]
}
