{
    "records": [
        {
            "attributes": {
                "type": "Contact",
                "referenceId": "ContactRef1"
            },
            "AccountId": "@AccountRef1",
            "FirstName": "Amy",
            "LastName": "Taylor",
            "Title": "VP of Engineering",
            "Email": "amy@alpha.net",
            "Phone": "4152568563"
        },
        {
            "attributes": {
                "type": "Contact",
                "referenceId": "ContactRef2"
            },
            "AccountId": "@AccountRef1",
            "FirstName": "Michael",
            "LastName": "Jones",
            "Title": "VP of Sales",
            "Email": "michael@alpha.net",
            "Phone": "4158526633"
        },
        {
            "attributes": {
                "type": "Contact",
                "referenceId": "ContactRef3"
            },
            "AccountId": "@AccountRef1",
            "FirstName": "Jennifer",
            "LastName": "Wu",
            "Title": "CEO",
            "Email": "jennifer@alpha.net",
            "Phone": "4158521463"
        },
        {
            "attributes": {
                "type": "Contact",
                "referenceId": "ContactRef4"
            },
            "AccountId": "@AccountRef2",
            "FirstName": "Anup",
            "LastName": "Gupta",
            "Title": "VP of Products",
            "Email": "anup@madison.net",
            "Phone": "4158526398"
        },
        {
            "attributes": {
                "type": "Contact",
                "referenceId": "ContactRef5"
            },
            "AccountId": "@AccountRef2",
            "FirstName": "Caroline",
            "LastName": "Kingsley",
            "Title": "VP of Technology",
            "Email": "caroline@madison.net",
            "Phone": "4158753654"
        },
        {
            "attributes": {
                "type": "Contact",
                "referenceId": "ContactRef6"
            },
            "AccountId": "@AccountRef2",
            "FirstName": "Jonathan",
            "LastName": "Bradley",
            "Title": "VP of Operations",
            "Email": "jonathan@madison.net",
            "Phone": "4158885522"
        },
        {
            "attributes": {
                "type": "Contact",
                "referenceId": "ContactRef7"
            },
            "AccountId": "@AccountRef3",
            "FirstName": "Juan",
            "LastName": "Johson",
            "Title": "Developer",
            "Email": "juan@burlington.com",
            "Phone": "4158685522"
        },
        {
            "attributes": {
                "type": "Contact",
                "referenceId": "ContactRef8"
            },
            "AccountId": "@AccountRef3",
            "FirstName": "Peter",
            "LastName": "Pingman",
            "Title": "VP of Operations",
            "Email": "pp@burlington.com",
            "Phone": "4258685522"
        },
        {
            "attributes": {
                "type": "Contact",
                "referenceId": "ContactRef9"
            },
            "AccountId": "@AccountRef3",
            "FirstName": "Maria",
            "LastName": "Jones",
            "Title": "CTO",
            "Email": "maria@burlington.com",
            "Phone": "4138685522"
        },
        {
            "attributes": {
                "type": "Contact",
                "referenceId": "ContactRef10"
            },
            "AccountId": "@AccountRef4",
            "FirstName": "Sarah",
            "LastName": "James",
            "Title": "Developer",
            "Email": "james@genepoint.com",
            "Phone": "4158685532"
        },
        {
            "attributes": {
                "type": "Contact",
                "referenceId": "ContactRef11"
            },
            "AccountId": "@AccountRef4",
            "FirstName": "Louis",
            "LastName": "Peter",
            "Title": "VP of Operations",
            "Email": "louis@genepoint.com",
            "Phone": "4258685566"
        },
        {
            "attributes": {
                "type": "Contact",
                "referenceId": "ContactRef12"
            },
            "AccountId": "@AccountRef4",
            "FirstName": "Jessy",
            "LastName": "Ankor",
            "Title": "CTO",
            "Email": "jessy@genepoint.com",
            "Phone": "4138654522"
        },
        {
            "attributes": {
                "type": "Contact",
                "referenceId": "ContactRef13"
            },
            "AccountId": "@AccountRef5",
            "FirstName": "Nika",
            "LastName": "Rinder",
            "Title": "Developer",
            "Email": "nika@openfloor.com",
            "Phone": "4158685511"
        },
        {
            "attributes": {
                "type": "Contact",
                "referenceId": "ContactRef14"
            },
            "AccountId": "@AccountRef5",
            "FirstName": "Pim",
            "LastName": "Grant",
            "Title": "VP of Operations",
            "Email": "pim@openfloor.com",
            "Phone": "4258686666"
        },
        {
            "attributes": {
                "type": "Contact",
                "referenceId": "ContactRef15"
            },
            "AccountId": "@AccountRef5",
            "FirstName": "Antonny",
            "LastName": "Hans",
            "Title": "CTO",
            "Email": "hans@openfloor.com",
            "Phone": "4138612342"
        },
        {
            "attributes": {
                "type": "Contact",
                "referenceId": "ContactRef16"
            },
            "AccountId": "@AccountRef6",
            "FirstName": "Chris",
            "LastName": "Brown",
            "Title": "Developer",
            "Email": "cb@express.com",
            "Phone": "4134583432"
        },
        {
            "attributes": {
                "type": "Contact",
                "referenceId": "ContactRef17"
            },
            "AccountId": "@AccountRef6",
            "FirstName": "Christi",
            "LastName": "Parker",
            "Title": "VP of Operations",
            "Email": "parker@express.com",
            "Phone": "4234684566"
        },
        {
            "attributes": {
                "type": "Contact",
                "referenceId": "ContactRef18"
            },
            "AccountId": "@AccountRef6",
            "FirstName": "Leslie",
            "LastName": "Jones",
            "Title": "CTO",
            "Email": "leslie@express.com",
            "Phone": "4175676522"
        },
        {
            "attributes": {
                "type": "Contact",
                "referenceId": "ContactRef19"
            },
            "AccountId": "@AccountRef7",
            "FirstName": "Beatriz",
            "LastName": "Lake",
            "Title": "Developer",
            "Email": "beatriz@jefferson.com",
            "Phone": "4111185532"
        },
        {
            "attributes": {
                "type": "Contact",
                "referenceId": "ContactRef20"
            },
            "AccountId": "@AccountRef7",
            "FirstName": "Naveed",
            "LastName": "Guthrie",
            "Title": "VP of Operations",
            "Email": "naveed@jefferson.com",
            "Phone": "4253335566"
        },
        {
            "attributes": {
                "type": "Contact",
                "referenceId": "ContactRef21"
            },
            "AccountId": "@AccountRef7",
            "FirstName": "Kelsie",
            "LastName": "Carpenter",
            "Title": "CTO",
            "Email": "kelsie@jefferson.com",
            "Phone": "4138651112"
        },
        {
            "attributes": {
                "type": "Contact",
                "referenceId": "ContactRef22"
            },
            "AccountId": "@AccountRef8",
            "FirstName": "Rehan",
            "LastName": "Hogan",
            "Title": "Developer",
            "Email": "rehan@northerntrail.com",
            "Phone": "4158600032"
        },
        {
            "attributes": {
                "type": "Contact",
                "referenceId": "ContactRef23"
            },
            "AccountId": "@AccountRef8",
            "FirstName": "Maizie",
            "LastName": "Bassett",
            "Title": "VP of Operations",
            "Email": "maizie@northerntrail.com",
            "Phone": "4000685566"
        },
        {
            "attributes": {
                "type": "Contact",
                "referenceId": "ContactRef24"
            },
            "AccountId": "@AccountRef8",
            "FirstName": "Ramone",
            "LastName": "Acevedo",
            "Title": "CTO",
            "Email": "ramone@northerntrail.com",
            "Phone": "4138651112"
        },
        {
            "attributes": {
                "type": "Contact",
                "referenceId": "ContactRef25"
            },
            "AccountId": "@AccountRef9",
            "FirstName": "Augustus",
            "LastName": "Curtis",
            "Title": "Developer",
            "Email": "curtis@unitedproductions.com",
            "Phone": "4158689872"
        },
        {
            "attributes": {
                "type": "Contact",
                "referenceId": "ContactRef26"
            },
            "AccountId": "@AccountRef9",
            "FirstName": "Anwar",
            "LastName": "Pitt",
            "Title": "VP of Operations",
            "Email": "pitt@unitedproductions.com",
            "Phone": "4258683456"
        },
        {
            "attributes": {
                "type": "Contact",
                "referenceId": "ContactRef27"
            },
            "AccountId": "@AccountRef9",
            "FirstName": "Cherie",
            "LastName": "Bains",
            "Title": "CTO",
            "Email": "cherie@unitedproductions.com",
            "Phone": "4138653452"
        },
        {
            "attributes": {
                "type": "Contact",
                "referenceId": "ContactRef28"
            },
            "AccountId": "@AccountRef10",
            "FirstName": "Mohamed",
            "LastName": "Rangel",
            "Title": "Developer",
            "Email": "mr@edge.com",
            "Phone": "4158683332"
        },
        {
            "attributes": {
                "type": "Contact",
                "referenceId": "ContactRef29"
            },
            "AccountId": "@AccountRef10",
            "FirstName": "Arian",
            "LastName": "Ortiz",
            "Title": "VP of Operations",
            "Email": "arian@edge.com",
            "Phone": "4258681116"
        },
        {
            "attributes": {
                "type": "Contact",
                "referenceId": "ContactRef30"
            },
            "AccountId": "@AccountRef10",
            "FirstName": "Kimberly",
            "LastName": "Rennie",
            "Title": "CTO",
            "Email": "kim@edge.com",
            "Phone": "4134564522"
        }
    ]
}
