<?xml version="1.0" encoding="UTF-8" ?>
<LightningComponentBundle xmlns="http://soap.sforce.com/2006/04/metadata">
  <apiVersion>63.0</apiVersion>
  <isExposed>true</isExposed>
  <masterLabel>Contact Profile Card</masterLabel>
  <description>Card that displays Contact record highlights</description>
  <targets>
    <target>lightning__RecordPage</target>
  </targets>
  <targetConfigs>
    <targetConfig targets="lightning__RecordPage">
      <objects>
        <object>Contact</object>
      </objects>
    </targetConfig>
  </targetConfigs>
</LightningComponentBundle>
