{
    "unevaluatedProperties": false,
    "properties": {
        "createdBooking": {
            "title": "createdBooking",
            "description": "The booking that was created.",
            "lightning:type": "lightning__recordInfoType",
            "lightning:sObjectInfo": {
                "apiName": "Booking__c"
            },
            "lightning:isPII": false,
            "copilotAction:isDisplayable": true,
            "copilotAction:isUsedByPlanner": true,
            "copilotAction:useHydratedPrompt": false
        }
    },
    "lightning:type": "lightning__objectType"
}
