<?xml version="1.0" encoding="UTF-8" ?>
<PathAssistant xmlns="http://soap.sforce.com/2006/04/metadata">
    <active>true</active>
    <entityName>Case</entityName>
    <fieldName>Status</fieldName>
    <masterLabel>Claim Management</masterLabel>
    <pathAssistantSteps>
        <fieldNames>PotentialLiability__c</fieldNames>
        <fieldNames>Subject</fieldNames>
        <picklistValueName>New</picklistValueName>
    </pathAssistantSteps>
    <recordTypeName>__MASTER__</recordTypeName>
</PathAssistant>
