<?xml version="1.0" encoding="UTF-8" ?>
<LightningComponentBundle
    xmlns="http://soap.sforce.com/2006/04/metadata"
    fqn="irrigationManager"
>
    <apiVersion>48.0</apiVersion>
    <isExposed>true</isExposed>
    <masterLabel>Irrigation Manager</masterLabel>
    <description>Allows users to set time/duration of irrigation</description>
    <targets>
        <target>lightning__FlowScreen</target>
    </targets>
    <targetConfigs>
        <targetConfig targets="lightning__FlowScreen">
            <property
                name="duration"
                type="Integer"
                label="Irrigation duration"
                role="inputOnly"
            />
            <property
                name="recordId"
                type="String"
                label="Record Id"
                role="inputOnly"
            />
            <property
                name="addedMsgText"
                type="String"
                label="Alert message text"
                role="outputOnly"
            />
            <property
                name="overrideCount"
                type="Integer"
                label="Current count of overrides"
                role="outputOnly"
            />
            <property
                name="startTime"
                type="String"
                label="Irrigation start time"
                role="inputOnly"
            />
        </targetConfig>
    </targetConfigs>
</LightningComponentBundle>
