<?xml version="1.0" encoding="UTF-8" ?>
<LightningComponentBundle xmlns="http://soap.sforce.com/2006/04/metadata">
    <apiVersion>57.0</apiVersion>
    <isExposed>true</isExposed>
    <targets>
        <target>lightning__FlowScreen</target>
    </targets>
    <targetConfigs>
        <targetConfig targets="lightning__FlowScreen">
            <property
                name="market"
                type="String"
                label="Market Record Id"
                role="inputOnly"
            />
            <property
                name="popTabOnFinish"
                type="Boolean"
                label="Go to record?"
                role="outputOnly"
            />
            <property
                name="selectedtile"
                type="String"
                label="Space Record Id"
                role="outputOnly"
            />
        </targetConfig>
    </targetConfigs>
</LightningComponentBundle>
