<?xml version="1.0" encoding="UTF-8" ?>
<CustomApplication xmlns="http://soap.sforce.com/2006/04/metadata">
    <actionOverrides>
        <actionName>View</actionName>
        <comment
        >Action override created by Lightning App Builder during activation.</comment>
        <content>Contact_Record_Page</content>
        <formFactor>Large</formFactor>
        <skipRecordTypeSelect>false</skipRecordTypeSelect>
        <type>Flexipage</type>
        <pageOrSobjectType>Contact</pageOrSobjectType>
    </actionOverrides>
    <actionOverrides>
        <actionName>View</actionName>
        <comment
        >Action override created by Lightning App Builder during activation.</comment>
        <content>Market_Record_Page</content>
        <formFactor>Large</formFactor>
        <skipRecordTypeSelect>false</skipRecordTypeSelect>
        <type>Flexipage</type>
        <pageOrSobjectType>Market__c</pageOrSobjectType>
    </actionOverrides>
    <actionOverrides>
        <actionName>View</actionName>
        <comment
        >Action override created by Lightning App Builder during activation.</comment>
        <content>Reservation_Record_Page</content>
        <formFactor>Large</formFactor>
        <skipRecordTypeSelect>false</skipRecordTypeSelect>
        <type>Flexipage</type>
        <pageOrSobjectType>Reservation__c</pageOrSobjectType>
    </actionOverrides>
    <brand>
        <headerColor>#1FDA9A</headerColor>
        <logo>EasySpacesTile01</logo>
        <logoVersion>1</logoVersion>
        <shouldOverrideOrgTheme>false</shouldOverrideOrgTheme>
    </brand>
    <description>Create reservations, design spaces.</description>
    <formFactors>Large</formFactors>
    <isNavAutoTempTabsDisabled>false</isNavAutoTempTabsDisabled>
    <isNavPersonalizationDisabled>false</isNavPersonalizationDisabled>
    <label>Space Management</label>
    <navType>Console</navType>
    <tabs>Reservation_Manager</tabs>
    <tabs>Spaces_Designer</tabs>
    <tabs>Market__c</tabs>
    <tabs>Space__c</tabs>
    <tabs>Reservation__c</tabs>
    <tabs>standard-Contact</tabs>
    <tabs>standard-Lead</tabs>
    <uiType>Lightning</uiType>
    <utilityBar>Space_Management_UtilityBar</utilityBar>
    <workspaceConfig>
        <mappings>
            <tab>Market__c</tab>
        </mappings>
        <mappings>
            <tab>Reservation_Manager</tab>
        </mappings>
        <mappings>
            <fieldName>Space__c</fieldName>
            <tab>Reservation__c</tab>
        </mappings>
        <mappings>
            <fieldName>Market__c</fieldName>
            <tab>Space__c</tab>
        </mappings>
        <mappings>
            <tab>Spaces_Designer</tab>
        </mappings>
        <mappings>
            <tab>standard-Contact</tab>
        </mappings>
        <mappings>
            <tab>standard-Lead</tab>
        </mappings>
    </workspaceConfig>
</CustomApplication>
