<?xml version="1.0" encoding="UTF-8" ?>
<QuickAction xmlns="http://soap.sforce.com/2006/04/metadata">
    <optionsCreateFeedItem>false</optionsCreateFeedItem>
    <quickActionLayout>
        <layoutSectionStyle>TwoColumnsLeftToRight</layoutSectionStyle>
        <quickActionLayoutColumns>
            <quickActionLayoutItems>
                <emptySpace>false</emptySpace>
                <field>Status__c</field>
                <uiBehavior>Edit</uiBehavior>
            </quickActionLayoutItems>
        </quickActionLayoutColumns>
        <quickActionLayoutColumns />
    </quickActionLayout>
    <standardLabel>ChangeStatus</standardLabel>
    <type>Update</type>
</QuickAction>
