<?xml version="1.0" encoding="UTF-8" ?>
<CustomField xmlns="http://soap.sforce.com/2006/04/metadata">
    <fullName>Picklist_Bucket__c</fullName>
    <externalId>false</externalId>
    <fieldManageability>DeveloperControlled</fieldManageability>
    <label>Picklist Bucket</label>
    <referenceTo>Picklist_Bucket__mdt</referenceTo>
    <relationshipLabel>Bucketed Picklist Values</relationshipLabel>
    <relationshipName>Bucketed_Picklist_Values</relationshipName>
    <required>false</required>
    <type>MetadataRelationship</type>
    <unique>false</unique>
</CustomField>
