[
    {
        "name": "Find Account",
        "Apex_Class__c": "HandlerFindAccount",
        "Pattern__c": "(?i).*account ([A-Za-z0-9]*)",
        "Sample_Utterance__c": "Account United"
    },
    {
        "name": "Report",
        "Apex_Class__c": "HandlerReport",
        "Pattern__c": "(?i).*report ([A-Za-z0-9]*)",
        "Sample_Utterance__c": "open report market"
    },
    {
        "name": "Dashboard",
        "Apex_Class__c": "HandlerDashboard",
        "Pattern__c": "(?i).*dashboard ([A-Za-z0-9]*)",
        "Sample_Utterance__c": "open dashboard portfolio"
    },
    {
        "name": "Find Contact",
        "Apex_Class__c": "HandlerFindContact",
        "Pattern__c": "(?i).*contact ([A-Za-z0-9]*)",
        "Sample_Utterance__c": "Contact jo"
    },
    {
        "name": "Find House",
        "Apex_Class__c": "HandlerFindProperties",
        "Pattern__c": "(?i)find house",
        "Sample_Utterance__c": "Find house"
    },
    {
        "name": "Find Properties by Bedrooms",
        "Apex_Class__c": "HandlerFindPropertiesByBedrooms",
        "Pattern__c": "(?i)([A-Za-z0-9]*) bedrooms in ([A-Za-z]*)",
        "Sample_Utterance__c": "3 bedrooms in Boston"
    },
    {
        "name": "Help",
        "Apex_Class__c": "HandlerHelp",
        "Pattern__c": "(?i)help",
        "Sample_Utterance__c": "Help"
    },
    {
        "name": "My Open Cases",
        "Apex_Class__c": "HandlerMyOpenCases",
        "Pattern__c": "(?i).*open cases.*",
        "Sample_Utterance__c": "My Open Cases"
    },
    {
        "name": "Pipeline",
        "Apex_Class__c": "HandlerPipeline",
        "Pattern__c": "(?i).*pipeline.*",
        "Sample_Utterance__c": "My Pipeline"
    },
    {
        "name": "Quarter",
        "Apex_Class__c": "HandlerQuarter",
        "Pattern__c": "(?i).*quarter.*",
        "Sample_Utterance__c": "My Quarter"
    },
    {
        "name": "SOQL",
        "Apex_Class__c": "HandlerSOQL",
        "Pattern__c": "(?i)select.*",
        "Sample_Utterance__c": "SELECT Name FROM Contact LIMIT 5"
    },
    {
        "name": "Top Opportunities",
        "Apex_Class__c": "HandlerTopOpportunities",
        "Pattern__c": "(?i).*top (\\d+) opportunities",
        "Sample_Utterance__c": "Top 3 opportunities"
    },
    {
        "name": "Travel Approval",
        "Apex_Class__c": "HandlerTravelApproval",
        "Pattern__c": "(?i)travel approval",
        "Sample_Utterance__c": "Travel Approval"
    },
    {
        "name": "Image search",
        "Apex_Class__c": "HandlerImageBasedSearch",
        "Pattern__c": "(?i)search houses like this",
        "Sample_Utterance__c": "search houses like this"
    },
    {
        "name": "File Upload",
        "Apex_Class__c": "HandlerFileUpload",
        "Pattern__c": "(?i)upload",
        "Sample_Utterance__c": "upload"
    }
]
