[
    {
        "Broker_Id__c": 1,
        "Name": "Caroline Kingsley",
        "Title__c": "Senior Broker",
        "Phone__c": "617-244-3672",
        "Mobile_Phone__c": "617-244-3672",
        "Email__c": "caroline@dreamhouse.demo",
        "Picture__c": "https://s3-us-west-2.amazonaws.com/dev-or-devrl-s3-bucket/sample-apps/people/caroline_kingsley.jpg"
    },
    {
        "Broker_Id__c": 2,
        "Name": "Michael Jones",
        "Title__c": "Senior Broker",
        "Phone__c": "617-244-3672",
        "Mobile_Phone__c": "617-244-3672",
        "Email__c": "michael@dreamhouse.demo",
        "Picture__c": "https://s3-us-west-2.amazonaws.com/dev-or-devrl-s3-bucket/sample-apps/people/michael_jones.jpg"
    },
    {
        "Broker_Id__c": 3,
        "Name": "Jonathan Bradley",
        "Title__c": "Senior Broker",
        "Phone__c": "617-244-3672",
        "Mobile_Phone__c": "617-244-3672",
        "Email__c": "jonathan@dreamhouse.demo",
        "Picture__c": "https://s3-us-west-2.amazonaws.com/dev-or-devrl-s3-bucket/sample-apps/people/jonathan_bradley.jpg"
    },
    {
        "Broker_Id__c": 4,
        "Name": "Jennifer Wu",
        "Title__c": "Senior Broker",
        "Phone__c": "617-244-3672",
        "Mobile_Phone__c": "617-244-3672",
        "Email__c": "jen@dreamhouse.demo",
        "Picture__c": "https://s3-us-west-2.amazonaws.com/dev-or-devrl-s3-bucket/sample-apps/people/jennifer_wu.jpg"
    },
    {
        "Broker_Id__c": 5,
        "Name": "Olivia Green",
        "Title__c": "Senior Broker",
        "Phone__c": "617-244-3672",
        "Mobile_Phone__c": "617-244-3672",
        "Email__c": "olivia@dreamhouse.demo",
        "Picture__c": "https://s3-us-west-2.amazonaws.com/dev-or-devrl-s3-bucket/sample-apps/people/olivia_green.jpg"
    },
    {
        "Broker_Id__c": 6,
        "Name": "Miriam Aupont",
        "Title__c": "Senior Broker",
        "Phone__c": "617-244-3672",
        "Mobile_Phone__c": "617-244-3672",
        "Email__c": "miriam@dreamhouse.demo",
        "Picture__c": "https://s3-us-west-2.amazonaws.com/dev-or-devrl-s3-bucket/sample-apps/people/miriam_aupont.jpg"
    },
    {
        "Broker_Id__c": 7,
        "Name": "Michelle Lambert",
        "Title__c": "Senior Broker",
        "Phone__c": "617-244-3672",
        "Mobile_Phone__c": "617-244-3672",
        "Email__c": "michelle@dreamhouse.demo",
        "Picture__c": "https://s3-us-west-2.amazonaws.com/dev-or-devrl-s3-bucket/sample-apps/people/michelle_lambert.jpg"
    },
    {
        "Broker_Id__c": 8,
        "Name": "Victor Ochoa",
        "Title__c": "Senior Broker",
        "Phone__c": "617-244-3672",
        "Mobile_Phone__c": "617-244-3672",
        "Email__c": "victor@dreamhouse.demo",
        "Picture__c": "https://s3-us-west-2.amazonaws.com/dev-or-devrl-s3-bucket/sample-apps/people/victor_ochoa.jpg"
    }
]
