[
    {
        "Name": "18 Henry st",
        "Address__c": "18 Henry st",
        "City__c": "Cambridge",
        "State__c": "MA",
        "Zip__c": "01742",
        "Price__c": 975000,
        "Title__c": "Stunning Colonial",
        "Beds__c": 4,
        "Baths__c": 3,
        "Location__Longitude__s": -71.11095,
        "Location__Latitude__s": 42.35663,
        "Picture__c": "https://s3-us-west-2.amazonaws.com/dev-or-devrl-s3-bucket/sample-apps/realty/house01.jpg",
        "Thumbnail__c": "https://s3-us-west-2.amazonaws.com/dev-or-devrl-s3-bucket/sample-apps/realty/house01sq.jpg",
        "Tags__c": "colonial",
        "Description__c": "Lorem ipsum dolor sit amet",
        "Broker__r": {
            "Broker_Id__c": 1
        }
    },
    {
        "Name": "24 Pearl st",
        "Address__c": "24 Pearl st",
        "City__c": "Cambridge",
        "State__c": "MA",
        "Zip__c": "02420",
        "Price__c": 1200000,
        "Title__c": "Ultimate Sophistication",
        "Beds__c": 5,
        "Baths__c": 4,
        "Location__Longitude__s": -71.10869,
        "Location__Latitude__s": 42.359103,
        "Picture__c": "https://s3-us-west-2.amazonaws.com/dev-or-devrl-s3-bucket/sample-apps/realty/house02.jpg",
        "Thumbnail__c": "https://s3-us-west-2.amazonaws.com/dev-or-devrl-s3-bucket/sample-apps/realty/house02sq.jpg",
        "Tags__c": "colonial",
        "Description__c": "Lorem ipsum dolor sit amet",
        "Broker__r": {
            "Broker_Id__c": 2
        }
    },
    {
        "Name": "61 West Cedar st",
        "Address__c": "61 West Cedar st",
        "City__c": "Boston",
        "State__c": "MA",
        "Zip__c": "02420",
        "Price__c": 825000,
        "Title__c": "Modern City Living",
        "Beds__c": 5,
        "Baths__c": 4,
        "Location__Longitude__s": -71.070061,
        "Location__Latitude__s": 42.359986,
        "Picture__c": "https://s3-us-west-2.amazonaws.com/dev-or-devrl-s3-bucket/sample-apps/realty/house03.jpg",
        "Thumbnail__c": "https://s3-us-west-2.amazonaws.com/dev-or-devrl-s3-bucket/sample-apps/realty/house03sq.jpg",
        "Tags__c": "contemporary",
        "Description__c": "Lorem ipsum dolor sit amet",
        "Broker__r": {
            "Broker_Id__c": 3
        }
    },
    {
        "Name": "32 Prince st",
        "Address__c": "32 Prince st",
        "City__c": "Cambridge",
        "State__c": "MA",
        "Zip__c": "02420",
        "Price__c": 930000,
        "Title__c": "Stunning Victorian",
        "Beds__c": 5,
        "Baths__c": 4,
        "Location__Longitude__s": -71.110448,
        "Location__Latitude__s": 42.360642,
        "Picture__c": "https://s3-us-west-2.amazonaws.com/dev-or-devrl-s3-bucket/sample-apps/realty/house04.jpg",
        "Thumbnail__c": "https://s3-us-west-2.amazonaws.com/dev-or-devrl-s3-bucket/sample-apps/realty/house04sq.jpg",
        "Tags__c": "victorian",
        "Description__c": "Lorem ipsum dolor sit amet",
        "Broker__r": {
            "Broker_Id__c": 4
        }
    },
    {
        "Name": "211 Charles Street",
        "Address__c": "211 Charles Street",
        "City__c": "Boston",
        "State__c": "MA",
        "Zip__c": "02420",
        "Price__c": 850000,
        "Title__c": "Waterfront in the city",
        "Beds__c": 3,
        "Baths__c": 2,
        "Location__Longitude__s": -71.084454,
        "Location__Latitude__s": 42.368168,
        "Picture__c": "https://s3-us-west-2.amazonaws.com/dev-or-devrl-s3-bucket/sample-apps/realty/house05.jpg",
        "Thumbnail__c": "https://s3-us-west-2.amazonaws.com/dev-or-devrl-s3-bucket/sample-apps/realty/house05sq.jpg",
        "Tags__c": "contemporary",
        "Description__c": "Lorem ipsum dolor sit amet",
        "Broker__r": {
            "Broker_Id__c": 5
        }
    },
    {
        "Name": "448 Hanover st",
        "Address__c": "448 Hanover st",
        "City__c": "Boston",
        "State__c": "MA",
        "Zip__c": "02420",
        "Price__c": 725000,
        "Title__c": "Quiet Retreat",
        "Beds__c": 4,
        "Baths__c": 2,
        "Location__Longitude__s": -71.052617,
        "Location__Latitude__s": 42.366855,
        "Picture__c": "https://s3-us-west-2.amazonaws.com/dev-or-devrl-s3-bucket/sample-apps/realty/house06.jpg",
        "Thumbnail__c": "https://s3-us-west-2.amazonaws.com/dev-or-devrl-s3-bucket/sample-apps/realty/house06sq.jpg",
        "Tags__c": "colonial",
        "Description__c": "Lorem ipsum dolor sit amet",
        "Broker__r": {
            "Broker_Id__c": 6
        }
    },
    {
        "Name": "127 Endicott st",
        "Address__c": "127 Endicott st",
        "City__c": "Boston",
        "State__c": "MA",
        "Zip__c": "02420",
        "Price__c": 450000,
        "Title__c": "City Living",
        "Beds__c": 3,
        "Baths__c": 1,
        "Location__Longitude__s": -71.057352,
        "Location__Latitude__s": 42.365003,
        "Picture__c": "https://s3-us-west-2.amazonaws.com/dev-or-devrl-s3-bucket/sample-apps/realty/house07.jpg",
        "Thumbnail__c": "https://s3-us-west-2.amazonaws.com/dev-or-devrl-s3-bucket/sample-apps/realty/house07sq.jpg",
        "Tags__c": "colonial",
        "Description__c": "Lorem ipsum dolor sit amet",
        "Broker__r": {
            "Broker_Id__c": 7
        }
    },
    {
        "Name": "48 Brattle st",
        "Address__c": "48 Brattle st",
        "City__c": "Cambridge",
        "State__c": "MA",
        "Zip__c": "02420",
        "Price__c": 450000,
        "Title__c": "Heart of Harvard Square",
        "Beds__c": 5,
        "Baths__c": 4,
        "Location__Longitude__s": -71.121653,
        "Location__Latitude__s": 42.374117,
        "Picture__c": "https://s3-us-west-2.amazonaws.com/dev-or-devrl-s3-bucket/sample-apps/realty/house10.jpg",
        "Thumbnail__c": "https://s3-us-west-2.amazonaws.com/dev-or-devrl-s3-bucket/sample-apps/realty/house10sq.jpg",
        "Tags__c": "victorian",
        "Description__c": "Lorem ipsum dolor sit amet",
        "Broker__r": {
            "Broker_Id__c": 8
        }
    },
    {
        "Name": "121 Harborwalk",
        "Address__c": "121 Harborwalk",
        "City__c": "Boston",
        "State__c": "MA",
        "Zip__c": "02420",
        "Price__c": 450000,
        "Title__c": "Seaport District Retreat",
        "Beds__c": 3,
        "Baths__c": 3,
        "Location__Longitude__s": -71.049327,
        "Location__Latitude__s": 42.35695,
        "Picture__c": "https://s3-us-west-2.amazonaws.com/dev-or-devrl-s3-bucket/sample-apps/realty/house09.jpg",
        "Thumbnail__c": "https://s3-us-west-2.amazonaws.com/dev-or-devrl-s3-bucket/sample-apps/realty/house09sq.jpg",
        "Tags__c": "contemporary",
        "Description__c": "Lorem ipsum dolor sit amet",
        "Broker__r": {
            "Broker_Id__c": 1
        }
    },
    {
        "Name": "503 Park Drive",
        "Address__c": "503 Park Drive",
        "City__c": "Boston",
        "State__c": "MA",
        "Zip__c": "02420",
        "Price__c": 650000,
        "Title__c": "City Living",
        "Beds__c": 2,
        "Baths__c": 2,
        "Location__Longitude__s": -71.105475,
        "Location__Latitude__s": 42.3474,
        "Picture__c": "https://s3-us-west-2.amazonaws.com/dev-or-devrl-s3-bucket/sample-apps/realty/house08.jpg",
        "Thumbnail__c": "https://s3-us-west-2.amazonaws.com/dev-or-devrl-s3-bucket/sample-apps/realty/house08sq.jpg",
        "Tags__c": "contemporary",
        "Description__c": "Lorem ipsum dolor sit amet",
        "Broker__r": {
            "Broker_Id__c": 2
        }
    },
    {
        "Name": "95 Gloucester st",
        "Address__c": "95 Gloucester st",
        "City__c": "Boston",
        "State__c": "MA",
        "Zip__c": "02420",
        "Price__c": 690000,
        "Title__c": "Architectural Details",
        "Beds__c": 3,
        "Baths__c": 3,
        "Location__Latitude__s": 42.349693,
        "Location__Longitude__s": -71.084407,
        "Picture__c": "https://s3-us-west-2.amazonaws.com/dev-or-devrl-s3-bucket/sample-apps/realty/house11.jpg",
        "Thumbnail__c": "https://s3-us-west-2.amazonaws.com/dev-or-devrl-s3-bucket/sample-apps/realty/house11sq.jpg",
        "Tags__c": "contemporary",
        "Description__c": "Lorem ipsum dolor sit amet",
        "Broker__r": {
            "Broker_Id__c": 3
        }
    },
    {
        "Name": "145 Commonwealth ave",
        "Address__c": "145 Commonwealth ave",
        "City__c": "Boston",
        "State__c": "MA",
        "Zip__c": "02420",
        "Price__c": 845000,
        "Title__c": "Luxury Redefined",
        "Beds__c": 4,
        "Baths__c": 3,
        "Location__Latitude__s": 42.352466,
        "Location__Longitude__s": -71.075311,
        "Picture__c": "https://s3-us-west-2.amazonaws.com/dev-or-devrl-s3-bucket/sample-apps/realty/house12.jpg",
        "Thumbnail__c": "https://s3-us-west-2.amazonaws.com/dev-or-devrl-s3-bucket/sample-apps/realty/house12sq.jpg",
        "Tags__c": "colonial",
        "Description__c": "Lorem ipsum dolor sit amet",
        "Broker__r": {
            "Broker_Id__c": 4
        }
    },
    {
        "Name": "24 Euston St",
        "Address__c": "24 Euston St",
        "City__c": "Brookline",
        "State__c": "MA",
        "Zip__c": "02446",
        "Price__c": 690000,
        "Title__c": "Historical Victorian",
        "Beds__c": 5,
        "Baths__c": 3,
        "Location__Latitude__s": 42.348087,
        "Location__Longitude__s": -71.109131,
        "Picture__c": "https://s3-us-west-2.amazonaws.com/dev-or-devrl-s3-bucket/sample-apps/realty/victorian01.jpg",
        "Thumbnail__c": "https://s3-us-west-2.amazonaws.com/dev-or-devrl-s3-bucket/sample-apps/realty/victorian01sq.jpg",
        "Tags__c": "victorian",
        "Description__c": "Lorem ipsum dolor sit amet",
        "Broker__r": {
            "Broker_Id__c": 5
        }
    },
    {
        "Name": "650 Kendall St",
        "Address__c": "650 Kendall St",
        "City__c": "Cambridge",
        "State__c": "MA",
        "Zip__c": "02142",
        "Price__c": 730000,
        "Title__c": "Unique Victorian",
        "Beds__c": 6,
        "Baths__c": 4,
        "Location__Latitude__s": 42.364772,
        "Location__Longitude__s": -71.08064,
        "Picture__c": "https://s3-us-west-2.amazonaws.com/dev-or-devrl-s3-bucket/sample-apps/realty/victorian02.jpg",
        "Thumbnail__c": "https://s3-us-west-2.amazonaws.com/dev-or-devrl-s3-bucket/sample-apps/realty/victorian02sq.jpg",
        "Tags__c": "victorian",
        "Description__c": "Lorem ipsum dolor sit amet",
        "Broker__r": {
            "Broker_Id__c": 6
        }
    },
    {
        "Name": "252 Charles St",
        "Address__c": "252 Charles St",
        "City__c": "Cambridge",
        "State__c": "MA",
        "Zip__c": "02141",
        "Price__c": 790000,
        "Title__c": "One of a kind",
        "Beds__c": 7,
        "Baths__c": 3,
        "Location__Latitude__s": 42.368269,
        "Location__Longitude__s": -71.08592,
        "Picture__c": "https://s3-us-west-2.amazonaws.com/dev-or-devrl-s3-bucket/sample-apps/realty/victorian03.jpg",
        "Thumbnail__c": "https://s3-us-west-2.amazonaws.com/dev-or-devrl-s3-bucket/sample-apps/realty/victorian03sq.jpg",
        "Tags__c": "victorian",
        "Description__c": "Lorem ipsum dolor sit amet",
        "Broker__r": {
            "Broker_Id__c": 7
        }
    },
    {
        "Name": "105 Brattle St",
        "Address__c": "105 Brattle St",
        "City__c": "Cambridge",
        "State__c": "MA",
        "Zip__c": "02138",
        "Price__c": 950000,
        "Title__c": "Location Location!",
        "Beds__c": 5,
        "Baths__c": 5,
        "Location__Latitude__s": 42.376511,
        "Location__Longitude__s": -71.126194,
        "Picture__c": "https://s3-us-west-2.amazonaws.com/dev-or-devrl-s3-bucket/sample-apps/realty/victorian06.jpg",
        "Thumbnail__c": "https://s3-us-west-2.amazonaws.com/dev-or-devrl-s3-bucket/sample-apps/realty/victorian06sq.jpg",
        "Tags__c": "victorian",
        "Description__c": "Lorem ipsum dolor sit amet",
        "Broker__r": {
            "Broker_Id__c": 8
        }
    },
    {
        "Name": "223 Huron Ave",
        "Address__c": "223 Huron Ave",
        "City__c": "Cambridge",
        "State__c": "MA",
        "Zip__c": "02138",
        "Price__c": 850000,
        "Title__c": "Recently Updated",
        "Beds__c": 4,
        "Baths__c": 3,
        "Location__Latitude__s": 42.381437,
        "Location__Longitude__s": -71.132681,
        "Picture__c": "https://s3-us-west-2.amazonaws.com/dev-or-devrl-s3-bucket/sample-apps/realty/victorian07.jpg",
        "Thumbnail__c": "https://s3-us-west-2.amazonaws.com/dev-or-devrl-s3-bucket/sample-apps/realty/victorian07sq.jpg",
        "Tags__c": "victorian",
        "Description__c": "Lorem ipsum dolor sit amet",
        "Broker__r": {
            "Broker_Id__c": 1
        }
    },
    {
        "Name": "30 Peterborough St",
        "Address__c": "30 Peterborough St",
        "City__c": "Boston",
        "State__c": "MA",
        "Zip__c": "02215",
        "Price__c": 650000,
        "Title__c": "Character and Details",
        "Beds__c": 5,
        "Baths__c": 4,
        "Location__Latitude__s": 42.34389,
        "Location__Longitude__s": -71.096371,
        "Picture__c": "https://s3-us-west-2.amazonaws.com/dev-or-devrl-s3-bucket/sample-apps/realty/victorian04.jpg",
        "Thumbnail__c": "https://s3-us-west-2.amazonaws.com/dev-or-devrl-s3-bucket/sample-apps/realty/victorian04sq.jpg",
        "Tags__c": "victorian",
        "Description__c": "Lorem ipsum dolor sit amet",
        "Broker__r": {
            "Broker_Id__c": 2
        }
    }
]
