<?xml version="1.0" encoding="UTF-8" ?>
<LightningComponentBundle xmlns="http://soap.sforce.com/2006/04/metadata">
    <apiVersion>60.0</apiVersion>
    <isExposed>true</isExposed>
    <masterLabel>Flow Picker</masterLabel>
    <description
    >A dropdown that lets you select a flow definition.</description>
    <targets>
        <target>lightning__FlowScreen</target>
    </targets>
    <targetConfigs>
        <targetConfig targets="lightning__FlowScreen">
            <property
                name="label"
                type="String"
                role="inputOnly"
                label="Label"
                default="Select a Flow"
                description="Set the text to appear above the Flow selection box"
            />
            <property
                name="placeholder"
                type="String"
                role="inputOnly"
                label="Placeholder"
                default="- Select a Flow -"
                description="Set the placeholder text to appear in the Flow selection box"
            />
            <property
                name="selectedFlowApiName"
                type="String"
                label="Store the API name of the selected Flow"
                description="On output this stores the API name of the selected Flow, and the component can be initialized with a value on input"
            />
            <property
                name="showActiveFlowsOnly"
                type="Boolean"
                role="inputOnly"
                label="Only Show Active Flows"
                default="true"
                description="If set to true, only active Flows will be displayed"
            />
            <property
                name="showWhichFlowTypes"
                type="String"
                role="inputOnly"
                label="Only Show Specific Flow Types"
                default="Flow,AutolaunchedFlow"
                description="Comma separated list of Flow Process Types to be included (see: https://developer.salesforce.com/docs/atlas.en-us.api_meta.meta/api_meta/meta_visual_workflow.htm)"
            />
            <property
                name="required"
                type="Boolean"
                role="inputOnly"
                label="Required"
                default="false"
                description="If set to true, an error message will appear when trying to advance to the next screen."
            />
            <property
                name="searchString"
                type="String"
                role="inputOnly"
                label="Flow Name Filter"
                description="Set a value to search and filter the returned list of Flows. This adds a LIKE %filtertext% to the Flow lookup."
            />
            <property
                name="componentWidth"
                type="String"
                role="inputOnly"
                label="Component width (out of 12)"
                default="12"
                description="By dividing the full display area width into 12 equal sections, you can specify the percentage of the total width to be used by this component in 12ths. For example a value of 9 would be 75% width, 6 would be 50% width, 3 would be 25% width."
            />
        </targetConfig>
    </targetConfigs>
</LightningComponentBundle>
