<?xml version="1.0" encoding="UTF-8" ?>
<CustomField xmlns="http://soap.sforce.com/2006/04/metadata">
    <fullName>Status__c</fullName>
    <externalId>false</externalId>
    <label>Status</label>
    <required>false</required>
    <trackHistory>false</trackHistory>
    <trackTrending>false</trackTrending>
    <type>Picklist</type>
    <valueSet>
        <restricted>true</restricted>
        <valueSetDefinition>
            <sorted>false</sorted>
            <value>
                <fullName>Not Started</fullName>
                <default>false</default>
                <label>Not Started</label>
            </value>
            <value>
                <fullName>Draft</fullName>
                <default>false</default>
                <label>Draft</label>
            </value>
            <value>
                <fullName>Proposal Ready</fullName>
                <default>false</default>
                <label>Proposal Ready</label>
            </value>
            <value>
                <fullName>Contracted</fullName>
                <default>false</default>
                <label>Contracted</label>
            </value>
            <value>
                <fullName>Scheduled</fullName>
                <default>false</default>
                <label>Scheduled</label>
            </value>
            <value>
                <fullName>Complete</fullName>
                <default>false</default>
                <label>Complete</label>
            </value>
        </valueSetDefinition>>
    </valueSet>
</CustomField>
