<?xml version="1.0" encoding="UTF-8" ?>
<LightningComponentBundle xmlns="http://soap.sforce.com/2006/04/metadata">
    <apiVersion>57.0</apiVersion>
    <isExposed>true</isExposed>
    <targets>
        <target>lightning__FlowScreen</target>
    </targets>
    <targetConfigs>
        <targetConfig targets="lightning__FlowScreen">
            <property
                name="customerid"
                type="String"
                label="Record Id"
                role="inputOnly"
            />
            <property
                name="objecttype"
                type="String"
                label="Sobject Type"
                role="inputOnly"
            />
            <property
                name="state"
                type="String"
                label="State"
                role="inputOnly"
            />

            <property
                name="endDays"
                type="Integer"
                label="Reservation length"
                role="outputOnly"
            />
            <property
                name="startDate"
                type="Date"
                label="Start date"
                role="outputOnly"
            />
            <property
                name="numberOfPeople"
                type="Integer"
                label="No. of guests"
                role="outputOnly"
            />
            <property
                name="requestedMarket"
                type="String"
                label="Market Id"
                role="outputOnly"
            />
        </targetConfig>
    </targetConfigs>
</LightningComponentBundle>
