<?xml version="1.0" encoding="UTF-8" ?>
<NavigationMenu xmlns="http://soap.sforce.com/2006/04/metadata">
    <container>Redwoods Insurance Customer Auth</container>
    <containerType>Network</containerType>
    <label>Default Navigation</label>
    <navigationMenuItem>
        <label>Topics</label>
        <position>0</position>
        <publiclyAvailable>true</publiclyAvailable>
        <target>ShowMoreTopics</target>
        <type>NavigationalTopic</type>
    </navigationMenuItem>
</NavigationMenu>
