<?xml version="1.0" encoding="UTF-8" ?>
<CspTrustedSite xmlns="http://soap.sforce.com/2006/04/metadata">
    <canAccessCamera>false</canAccessCamera>
    <canAccessMicrophone>false</canAccessMicrophone>
    <context>All</context>
    <description>Wildcard CSP trust for ESA Embedded Service</description>
    <endpointUrl>https://*.my.salesforce-scrt.com</endpointUrl>
    <isActive>true</isActive>
    <isApplicableToConnectSrc>true</isApplicableToConnectSrc>
    <isApplicableToFontSrc>true</isApplicableToFontSrc>
    <isApplicableToFrameSrc>true</isApplicableToFrameSrc>
    <isApplicableToImgSrc>true</isApplicableToImgSrc>
    <isApplicableToMediaSrc>false</isApplicableToMediaSrc>
    <isApplicableToStyleSrc>true</isApplicableToStyleSrc>
</CspTrustedSite>
