<?xml version="1.0" encoding="UTF-8" ?>
<CspTrustedSite xmlns="http://soap.sforce.com/2006/04/metadata">
    <canAccessCamera>false</canAccessCamera>
    <canAccessMicrophone>false</canAccessMicrophone>
    <context>All</context>
    <description>Amazon S3 hosted sample app media</description>
    <endpointUrl>https://s3-us-west-2.amazonaws.com</endpointUrl>
    <isActive>true</isActive>
    <isApplicableToConnectSrc>false</isApplicableToConnectSrc>
    <isApplicableToFontSrc>false</isApplicableToFontSrc>
    <isApplicableToFrameSrc>false</isApplicableToFrameSrc>
    <isApplicableToImgSrc>true</isApplicableToImgSrc>
    <isApplicableToMediaSrc>false</isApplicableToMediaSrc>
    <isApplicableToStyleSrc>false</isApplicableToStyleSrc>
</CspTrustedSite>
