<?xml version="1.0" encoding="UTF-8"?>
<PermissionSet xmlns="http://soap.sforce.com/2006/04/metadata">
    <applicationVisibilities>
        <application>Space_Management</application>
        <visible>true</visible>
    </applicationVisibilities>
    <classAccesses>
        <apexClass>reservationManagerController</apexClass>
        <enabled>true</enabled>
    </classAccesses>
    <description>Access to the Easy Spaces Lightning app used for space management.</description>
    <hasActivationRequired>false</hasActivationRequired>
    <label>SpaceManagementApp</label>
    <tabSettings>
        <tab>Reservation_Manager</tab>
        <visibility>Visible</visibility>
    </tabSettings>
    <tabSettings>
        <tab>Spaces_Designer</tab>
        <visibility>Visible</visibility>
    </tabSettings>
</PermissionSet>
