<?xml version="1.0" encoding="UTF-8" ?>
<CustomField xmlns="http://soap.sforce.com/2006/04/metadata">
    <fullName>Crop__c</fullName>
    <externalId>false</externalId>
    <label>Crop</label>
    <required>false</required>
    <trackTrending>false</trackTrending>
    <type>Picklist</type>
    <valueSet>
        <valueSetDefinition>
            <sorted>false</sorted>
            <value>
                <fullName>Aloe</fullName>
                <default>false</default>
                <label>Aloe</label>
            </value>
            <value>
                <fullName>Eggplant</fullName>
                <default>false</default>
                <label>Eggplant</label>
            </value>
            <value>
                <fullName>Kale</fullName>
                <default>false</default>
                <label>Kale</label>
            </value>
            <value>
                <fullName>Pumpkin</fullName>
                <default>false</default>
                <label>Pumpkin</label>
            </value>
        </valueSetDefinition>
    </valueSet>
</CustomField>
