<?xml version="1.0" encoding="UTF-8" ?>
<CustomField xmlns="http://soap.sforce.com/2006/04/metadata">
    <fullName>Status__c</fullName>
    <externalId>false</externalId>
    <label>Status</label>
    <required>false</required>
    <trackTrending>false</trackTrending>
    <type>Picklist</type>
    <valueSet>
        <restricted>true</restricted>
        <valueSetDefinition>
            <sorted>false</sorted>
            <value>
                <fullName>Alert</fullName>
                <default>false</default>
                <label>Alert</label>
            </value>
            <value>
                <fullName>Warning</fullName>
                <default>false</default>
                <label>Warning</label>
            </value>
            <value>
                <fullName>OK</fullName>
                <default>false</default>
                <label>OK</label>
            </value>
        </valueSetDefinition>
    </valueSet>
</CustomField>
