{
    "packageDirectories": [
        {
            "path": "force-app",
            "default": true,
            "package": "dreaminvest",
            "versionName": "Winter '19",
            "versionNumber": "3.0.0.NEXT"
        }
    ],
    "namespace": "",
    "sfdcLoginUrl": "https://login.salesforce.com",
    "sourceApiVersion": "44.0",
    "packageAliases": {
        "dreaminvest": "0Ho1I000000XZDQSA4",
        "dreaminvest@2.0.0-1": "04t1I0000036se6QAA",
        "dreaminvest@3.0.0-2": "04t1I0000036toLQAQ"
    }
}
