<?xml version="1.0" encoding="UTF-8" ?>
<LightningComponentBundle xmlns="http://soap.sforce.com/2006/04/metadata">
    <apiVersion>62.0</apiVersion>
    <isExposed>true</isExposed>
    <targets>
        <target>lightning__AppPage</target>
    </targets>
    <targetConfigs>
        <targetConfig targets="lightning__AppPage">
            <event
                name="select"
                label="Record Selected"
                description="This event fires when a record is selected."
            >
                <schema>
                    {
                        "type": "object",
                        "properties": {
                            "recordId": {
                                "type": "string",
                                "title": "Record Id",
                                "description": "Enter an 18-digit record Id."
                            }
                       }
                    }
                </schema>
            </event>
        </targetConfig>
    </targetConfigs>
</LightningComponentBundle>
