{
    "required": ["dateToCheck"],
    "unevaluatedProperties": false,
    "properties": {
        "dateToCheck": {
            "title": "dateToCheck",
            "description": "Date for which we want to check the temperature. The variable needs to be an Apex Date type with format yyyy-MM-dd.",
            "lightning:type": "lightning__dateType",
            "lightning:isPII": false,
            "copilotAction:isUserInput": true
        }
    },
    "lightning:type": "lightning__objectType"
}
