<?xml version="1.0" encoding="UTF-8" ?>
<CustomField xmlns="http://soap.sforce.com/2006/04/metadata">
    <fullName>Incident_Location__c</fullName>
    <displayLocationInDecimal>false</displayLocationInDecimal>
    <externalId>false</externalId>
    <label>Incident Location (Lat/Long)</label>
    <required>false</required>
    <scale>5</scale>
    <trackFeedHistory>false</trackFeedHistory>
    <trackHistory>false</trackHistory>
    <trackTrending>false</trackTrending>
    <type>Location</type>
</CustomField>
