{
    "id": "0c6e95d4-506b-4ea8-87c7-1968ff17bb83",
    "mobilePublisherAppUpdateConfig": {
        "forceAppUpdate": true,
        "enableAppUpdate": true,
        "minVersion": {
            "ios": {
                "version": "10.0",
                "url": "https://apps.apple.com/us"
            },
            "android": {
                "version": "10.1",
                "url": "https://play.google.com/store"
            }
        }
    },
    "nativeMobileNavConfig": {
        "showBackButton": true,
        "showHamburgerMenuWithBackButton": false
    },
    "nativeTabMenu": {
        "branding": {
            "iconTintColorUnselected": "#C9C5C5",
            "barTintColor": "#FFFFFF"
        },
        "menuItems": []
    },
    "showHamburgerMenu": true,
    "type": "nativeConfig"
}
