<?xml version="1.0" encoding="UTF-8" ?>
<CustomField xmlns="http://soap.sforce.com/2006/04/metadata">
    <fullName>Car_Configuration__c</fullName>
    <deleteConstraint>SetNull</deleteConstraint>
    <externalId>false</externalId>
    <label>Car Configuration</label>
    <referenceTo>Car_Configuration__c</referenceTo>
    <relationshipLabel>Car Options</relationshipLabel>
    <relationshipName>Car_Options</relationshipName>
    <required>false</required>
    <trackTrending>false</trackTrending>
    <type>Lookup</type>
</CustomField>
