<?xml version="1.0" encoding="UTF-8" ?>
<CustomField xmlns="http://soap.sforce.com/2006/04/metadata">
    <fullName>Range__c</fullName>
    <externalId>false</externalId>
    <label>Range</label>
    <required>false</required>
    <trackTrending>false</trackTrending>
    <type>Picklist</type>
    <valueSet>
        <valueSetDefinition>
            <sorted>false</sorted>
            <value>
                <fullName>Short_Range</fullName>
                <default>false</default>
                <label>Short Range</label>
            </value>
            <value>
                <fullName>Long_Range</fullName>
                <default>false</default>
                <label>Long Range</label>
            </value>
            <value>
                <fullName>Medium_Range</fullName>
                <default>false</default>
                <label>Medium Range</label>
            </value>
        </valueSetDefinition>
    </valueSet>
</CustomField>
