<?xml version="1.0" encoding="UTF-8" ?>
<CustomField xmlns="http://soap.sforce.com/2006/04/metadata">
    <fullName>Category__c</fullName>
    <externalId>false</externalId>
    <label>Category</label>
    <required>false</required>
    <trackTrending>false</trackTrending>
    <type>Picklist</type>
    <valueSet>
        <restricted>true</restricted>
        <valueSetDefinition>
            <sorted>false</sorted>
            <value>
                <fullName>Mountain</fullName>
                <default>false</default>
                <label>Mountain</label>
            </value>
            <value>
                <fullName>Commuter</fullName>
                <default>false</default>
                <label>Commuter</label>
            </value>
        </valueSetDefinition>
    </valueSet>
</CustomField>
