<?xml version="1.0" encoding="UTF-8" ?>
<CustomField xmlns="http://soap.sforce.com/2006/04/metadata">
    <fullName>Bundle__c</fullName>
    <externalId>false</externalId>
    <label>Bundle</label>
    <referenceTo>Bundle__c</referenceTo>
    <relationshipLabel>Bundles</relationshipLabel>
    <relationshipName>Bundles</relationshipName>
    <relationshipOrder>0</relationshipOrder>
    <reparentableMasterDetail>false</reparentableMasterDetail>
    <trackTrending>false</trackTrending>
    <type>MasterDetail</type>
    <writeRequiresMasterRead>false</writeRequiresMasterRead>
</CustomField>
