<?xml version="1.0" encoding="UTF-8"?>
<CustomField xmlns="http://soap.sforce.com/2006/04/metadata">
    <fullName>Customer_City__c</fullName>
    <description>Used because Address compound fields aren't yet available as independent fields in entity relationships.</description>
    <externalId>false</externalId>
    <fieldManageability>SubscriberControlled</fieldManageability>
    <inlineHelpText>Enter the API name of the field that holds the customer's city information.</inlineHelpText>
    <label>Customer City</label>
    <length>55</length>
    <required>false</required>
    <type>Text</type>
    <unique>false</unique>
</CustomField>
