<?xml version="1.0" encoding="UTF-8" ?>
<CustomApplication xmlns="http://soap.sforce.com/2006/04/metadata">
    <brand>
        <headerColor>#84BF41</headerColor>
        <logo>dreamhouselogosquare</logo>
        <logoVersion>1</logoVersion>
        <shouldOverrideOrgTheme>false</shouldOverrideOrgTheme>
    </brand>
    <description
    >DreamHouse helps you connect with your Customers in a whole new way.</description>
    <formFactors>Large</formFactors>
    <isNavAutoTempTabsDisabled>false</isNavAutoTempTabsDisabled>
    <isNavPersonalizationDisabled>false</isNavPersonalizationDisabled>
    <label>DreamHouse</label>
    <navType>Standard</navType>
    <tabs>standard-home</tabs>
    <tabs>Property_Finder</tabs>
    <tabs>Property_Explorer</tabs>
    <tabs>Property__c</tabs>
    <tabs>Broker__c</tabs>
    <tabs>standard-Contact</tabs>
    <tabs>Einstein_Vision</tabs>
    <tabs>standard-report</tabs>
    <tabs>standard-Dashboard</tabs>
    <tabs>standard-Event</tabs>
    <tabs>Sample_Data_Import</tabs>
    <tabs>Bot_Command__c</tabs>
    <tabs>standard-File</tabs>
    <uiType>Lightning</uiType>
    <utilityBar>dreamhouseApplicationUtilityBar</utilityBar>
</CustomApplication>
