<?xml version="1.0" encoding="UTF-8" ?>
<CustomObject xmlns="http://soap.sforce.com/2006/04/metadata">
    <actionOverrides>
        <actionName>Accept</actionName>
        <type>Default</type>
    </actionOverrides>
    <actionOverrides>
        <actionName>CancelEdit</actionName>
        <type>Default</type>
    </actionOverrides>
    <actionOverrides>
        <actionName>Clone</actionName>
        <type>Default</type>
    </actionOverrides>
    <actionOverrides>
        <actionName>Delete</actionName>
        <type>Default</type>
    </actionOverrides>
    <actionOverrides>
        <actionName>Edit</actionName>
        <type>Default</type>
    </actionOverrides>
    <actionOverrides>
        <actionName>List</actionName>
        <type>Default</type>
    </actionOverrides>
    <actionOverrides>
        <actionName>New</actionName>
        <type>Default</type>
    </actionOverrides>
    <actionOverrides>
        <actionName>SaveEdit</actionName>
        <type>Default</type>
    </actionOverrides>
    <actionOverrides>
        <actionName>Tab</actionName>
        <type>Default</type>
    </actionOverrides>
    <actionOverrides>
        <actionName>View</actionName>
        <comment
        >Action override created by Lightning App Builder during activation.</comment>
        <content>Merchandise_Record_Page</content>
        <formFactor>Large</formFactor>
        <skipRecordTypeSelect>false</skipRecordTypeSelect>
        <type>Flexipage</type>
    </actionOverrides>
    <allowInChatterGroups>false</allowInChatterGroups>
    <compactLayoutAssignment>SYSTEM</compactLayoutAssignment>
    <deploymentStatus>Deployed</deploymentStatus>
    <enableActivities>false</enableActivities>
    <enableBulkApi>true</enableBulkApi>
    <enableFeeds>false</enableFeeds>
    <enableHistory>false</enableHistory>
    <enableReports>false</enableReports>
    <enableSearch>true</enableSearch>
    <enableSharing>true</enableSharing>
    <enableStreamingApi>true</enableStreamingApi>
    <label>Merchandise</label>
    <nameField>
        <displayFormat>M-{0000}</displayFormat>
        <label>Merchandise Name</label>
        <type>AutoNumber</type>
    </nameField>
    <pluralLabel>Merchandises</pluralLabel>
    <searchLayouts />
    <sharingModel>ReadWrite</sharingModel>
    <visibility>Public</visibility>
</CustomObject>
