<?xml version="1.0" encoding="UTF-8" ?>
<PermissionSet xmlns="http://soap.sforce.com/2006/04/metadata">
    <description
    >Provides access to the Slack Authentication object to manage Slack and Salesforce connection</description>
    <fieldPermissions>
        <editable>true</editable>
        <field>Slack_Authentication__c.User__c</field>
        <readable>true</readable>
    </fieldPermissions>
    <hasActivationRequired>false</hasActivationRequired>
    <label>Ready to Fly Admin</label>
    <objectPermissions>
        <allowCreate>true</allowCreate>
        <allowDelete>true</allowDelete>
        <allowEdit>true</allowEdit>
        <allowRead>true</allowRead>
        <modifyAllRecords>false</modifyAllRecords>
        <object>Slack_Authentication__c</object>
        <viewAllRecords>false</viewAllRecords>
    </objectPermissions>
</PermissionSet>
