{
    "packageDirectories": [
        {
            "path": "./es-base-objects",
            "package": "ESObjects",
            "versionName": "Base Objects - Spring '23",
            "versionNumber": "57.0.0.NEXT",
            "default": false
        },
        {
            "path": "./es-base-styles",
            "package": "ESBaseStylesLWC",
            "versionName": "Base Styles LWC - Spring '23",
            "versionNumber": "57.0.0.NEXT",
            "default": false
        },
        {
            "path": "./es-base-code",
            "package": "ESBaseCodeLWC",
            "versionName": "Base Code LWC - Spring '23",
            "versionNumber": "57.0.0.NEXT",
            "default": false,
            "dependencies": [
                {
                    "package": "ESObjects",
                    "versionNumber": "57.0.0.LATEST"
                }
            ]
        },
        {
            "path": "./es-space-mgmt",
            "package": "ESSpaceMgmtLWC",
            "versionName": "Space Management App - Spring '23",
            "versionNumber": "57.0.0.NEXT",
            "default": true,
            "dependencies": [
                {
                    "package": "ESObjects",
                    "versionNumber": "57.0.0.LATEST"
                },
                {
                    "package": "ESBaseCodeLWC",
                    "versionNumber": "57.0.0.LATEST"
                },
                {
                    "package": "ESBaseStylesLWC",
                    "versionNumber": "57.0.0.LATEST"
                }
            ]
        }
    ],
    "pushPackageDirectoriesSequentially": true,
    "namespace": "",
    "sfdcLoginUrl": "https://login.salesforce.com",
    "sourceApiVersion": "57.0",
    "packageAliases": {
        "ESObjects": "0Ho4W000000CaeJSAS",
        "ESBaseCodeLWC": "0Ho4W000000CaeTSAS",
        "ESBaseStylesLWC": "0Ho4W000000CaeOSAS",
        "ESSpaceMgmtLWC": "0Ho4W000000CaeYSAS",
        "ESObjects@57.0.0-3": "04t4W000002nizdQAA",
        "ESBaseCodeLWC@57.0.0-2": "04t4W000002niziQAA",
        "ESBaseStylesLWC@57.0.0-2": "04t4W000002niznQAA",
        "ESSpaceMgmtLWC@57.0.0-4": "04t4W000002nizsQAA"
    }
}
