<?xml version="1.0" encoding="UTF-8" ?>
<PermissionSet xmlns="http://soap.sforce.com/2006/04/metadata">
    <applicationVisibilities>
        <application>Visualforce_to_LWC</application>
        <visible>true</visible>
    </applicationVisibilities>
    <classAccesses>
        <apexClass>CreateMixedRecordsApexControllerLwc</apexClass>
        <enabled>true</enabled>
    </classAccesses>
    <classAccesses>
        <apexClass>ListControllerLwc</apexClass>
        <enabled>true</enabled>
    </classAccesses>
    <classAccesses>
        <apexClass>ListWithParentRecordDataControllerLwc</apexClass>
        <enabled>true</enabled>
    </classAccesses>
    <classAccesses>
        <apexClass>PageMessagesControllerLwc</apexClass>
        <enabled>true</enabled>
    </classAccesses>
    <classAccesses>
        <apexClass>PageMessagesDataRetrievalControllerLwc</apexClass>
        <enabled>true</enabled>
    </classAccesses>
    <classAccesses>
        <apexClass>PageMessagesFormControllerLwc</apexClass>
        <enabled>true</enabled>
    </classAccesses>
    <classAccesses>
        <apexClass>PaginatedListControllerLwc</apexClass>
        <enabled>true</enabled>
    </classAccesses>
    <classAccesses>
        <apexClass>RecordPagesController</apexClass>
        <enabled>true</enabled>
    </classAccesses>
    <classAccesses>
        <apexClass>ViewRelatedRecordsControllerLwc</apexClass>
        <enabled>true</enabled>
    </classAccesses>
    <hasActivationRequired>false</hasActivationRequired>
    <label>Visualforce to LWC</label>
    <objectPermissions>
        <allowCreate>true</allowCreate>
        <allowDelete>true</allowDelete>
        <allowEdit>true</allowEdit>
        <allowRead>true</allowRead>
        <modifyAllRecords>false</modifyAllRecords>
        <object>Account</object>
        <viewAllRecords>false</viewAllRecords>
    </objectPermissions>
    <tabSettings>
        <tab>Basics</tab>
        <visibility>Visible</visibility>
    </tabSettings>
    <tabSettings>
        <tab>Error_Handling</tab>
        <visibility>Visible</visibility>
    </tabSettings>
    <tabSettings>
        <tab>Interoperability</tab>
        <visibility>Visible</visibility>
    </tabSettings>
    <tabSettings>
        <tab>Layout</tab>
        <visibility>Visible</visibility>
    </tabSettings>
    <tabSettings>
        <tab>Mixed_Records</tab>
        <visibility>Visible</visibility>
    </tabSettings>
    <tabSettings>
        <tab>Record_Lists</tab>
        <visibility>Visible</visibility>
    </tabSettings>
    <tabSettings>
        <tab>Single_Records</tab>
        <visibility>Visible</visibility>
    </tabSettings>
</PermissionSet>
