<?xml version="1.0" encoding="UTF-8" ?>
<FlexiPage xmlns="http://soap.sforce.com/2006/04/metadata">
    <description
    >This is the utility bar for the Dreamhouse application</description>
    <flexiPageRegions>
        <componentInstances>
            <componentInstanceProperties>
                <name>eager</name>
                <type>decorator</type>
                <value>false</value>
            </componentInstanceProperties>
            <componentInstanceProperties>
                <name>height</name>
                <value>500px</value>
            </componentInstanceProperties>
            <componentInstanceProperties>
                <name>height</name>
                <type>decorator</type>
                <value>550</value>
            </componentInstanceProperties>
            <componentInstanceProperties>
                <name>icon</name>
                <type>decorator</type>
                <value>fallback</value>
            </componentInstanceProperties>
            <componentInstanceProperties>
                <name>label</name>
                <type>decorator</type>
                <value>DreamBot</value>
            </componentInstanceProperties>
            <componentInstanceProperties>
                <name>scrollable</name>
                <type>decorator</type>
                <value>true</value>
            </componentInstanceProperties>
            <componentInstanceProperties>
                <name>width</name>
                <type>decorator</type>
                <value>380</value>
            </componentInstanceProperties>
            <componentName>Bot</componentName>
        </componentInstances>
        <componentInstances>
            <componentInstanceProperties>
                <name>height</name>
                <type>decorator</type>
                <value>320</value>
            </componentInstanceProperties>
            <componentInstanceProperties>
                <name>icon</name>
                <type>decorator</type>
                <value>note</value>
            </componentInstanceProperties>
            <componentInstanceProperties>
                <name>label</name>
                <type>decorator</type>
                <value>Mortgage Calculator</value>
            </componentInstanceProperties>
            <componentInstanceProperties>
                <name>principal</name>
                <value>200000</value>
            </componentInstanceProperties>
            <componentInstanceProperties>
                <name>rate</name>
                <value>5</value>
            </componentInstanceProperties>
            <componentInstanceProperties>
                <name>scrollable</name>
                <type>decorator</type>
                <value>false</value>
            </componentInstanceProperties>
            <componentInstanceProperties>
                <name>width</name>
                <type>decorator</type>
                <value>250</value>
            </componentInstanceProperties>
            <componentInstanceProperties>
                <name>years</name>
                <value>30</value>
            </componentInstanceProperties>
            <componentName>MortgageCalculator</componentName>
        </componentInstances>
        <name>utilityItems</name>
        <type>Region</type>
    </flexiPageRegions>
    <masterLabel>Dreamhouse App Utility Bar</masterLabel>
    <template>
        <name>one:utilityBarTemplateDesktop</name>
    </template>
    <type>UtilityBar</type>
</FlexiPage>
