<?xml version="1.0" encoding="UTF-8" ?>
<NamedCredential xmlns="http://soap.sforce.com/2006/04/metadata">
    <allowMergeFieldsInBody>false</allowMergeFieldsInBody>
    <allowMergeFieldsInHeader>false</allowMergeFieldsInHeader>
    <calloutStatus>Enabled</calloutStatus>
    <endpoint>https://api.brightsky.dev</endpoint>
    <generateAuthorizationHeader>true</generateAuthorizationHeader>
    <label>Weather Endpoint</label>
    <principalType>Anonymous</principalType>
    <protocol>NoAuthentication</protocol>
</NamedCredential>
