<?xml version="1.0" encoding="UTF-8" ?>
<CustomField xmlns="http://soap.sforce.com/2006/04/metadata">
    <fullName>Number_of_Guests__c</fullName>
    <description
    >Specifies how many guests are included in the booking, ensuring appropriate accommodation.</description>
    <externalId>false</externalId>
    <label>Number of Guests</label>
    <precision>4</precision>
    <required>false</required>
    <scale>0</scale>
    <trackTrending>false</trackTrending>
    <type>Number</type>
    <unique>false</unique>
</CustomField>
