<?xml version="1.0" encoding="UTF-8" ?>
<CustomObject xmlns="http://soap.sforce.com/2006/04/metadata">
    <actionOverrides>
        <actionName>Accept</actionName>
        <type>Default</type>
    </actionOverrides>
    <actionOverrides>
        <actionName>CancelEdit</actionName>
        <type>Default</type>
    </actionOverrides>
    <actionOverrides>
        <actionName>ChangeStatus</actionName>
        <type>Default</type>
    </actionOverrides>
    <actionOverrides>
        <actionName>Clone</actionName>
        <type>Default</type>
    </actionOverrides>
    <actionOverrides>
        <actionName>CloneAsChild</actionName>
        <type>Default</type>
    </actionOverrides>
    <actionOverrides>
        <actionName>CloseCase</actionName>
        <type>Default</type>
    </actionOverrides>
    <actionOverrides>
        <actionName>Delete</actionName>
        <type>Default</type>
    </actionOverrides>
    <actionOverrides>
        <actionName>Edit</actionName>
        <type>Default</type>
    </actionOverrides>
    <actionOverrides>
        <actionName>List</actionName>
        <type>Default</type>
    </actionOverrides>
    <actionOverrides>
        <actionName>MassClose</actionName>
        <type>Default</type>
    </actionOverrides>
    <actionOverrides>
        <actionName>NewCase</actionName>
        <type>Default</type>
    </actionOverrides>
    <actionOverrides>
        <actionName>SaveEdit</actionName>
        <type>Default</type>
    </actionOverrides>
    <actionOverrides>
        <actionName>Tab</actionName>
        <type>Default</type>
    </actionOverrides>
    <actionOverrides>
        <actionName>View</actionName>
        <comment
        >Action override created by Lightning App Builder during activation.</comment>
        <content>Case_Record_Page</content>
        <formFactor>Large</formFactor>
        <skipRecordTypeSelect>false</skipRecordTypeSelect>
        <type>Flexipage</type>
    </actionOverrides>
    <compactLayoutAssignment>mobile</compactLayoutAssignment>
    <enableFeeds>true</enableFeeds>
    <searchLayouts>
        <customTabListAdditionalFields
        >CASES.CASE_NUMBER</customTabListAdditionalFields>
        <customTabListAdditionalFields
        >CASES.SUBJECT</customTabListAdditionalFields>
        <customTabListAdditionalFields
        >CASES.CREATED_DATE</customTabListAdditionalFields>
        <customTabListAdditionalFields
        >CASES.PRIORITY</customTabListAdditionalFields>
        <lookupDialogsAdditionalFields
        >CASES.CASE_NUMBER</lookupDialogsAdditionalFields>
        <lookupDialogsAdditionalFields
        >CASES.SUBJECT</lookupDialogsAdditionalFields>
        <lookupDialogsAdditionalFields>NAME</lookupDialogsAdditionalFields>
        <lookupDialogsAdditionalFields
        >ACCOUNT.NAME</lookupDialogsAdditionalFields>
        <lookupDialogsAdditionalFields
        >CASES.STATUS</lookupDialogsAdditionalFields>
        <lookupPhoneDialogsAdditionalFields
        >CASES.CASE_NUMBER</lookupPhoneDialogsAdditionalFields>
        <lookupPhoneDialogsAdditionalFields
        >CASES.SUBJECT</lookupPhoneDialogsAdditionalFields>
        <lookupPhoneDialogsAdditionalFields
        >NAME</lookupPhoneDialogsAdditionalFields>
        <lookupPhoneDialogsAdditionalFields
        >ACCOUNT.NAME</lookupPhoneDialogsAdditionalFields>
        <lookupPhoneDialogsAdditionalFields
        >CASES.STATUS</lookupPhoneDialogsAdditionalFields>
        <searchResultsAdditionalFields
        >CASES.CASE_NUMBER</searchResultsAdditionalFields>
        <searchResultsAdditionalFields
        >CASES.SUBJECT</searchResultsAdditionalFields>
        <searchResultsAdditionalFields
        >CASES.STATUS</searchResultsAdditionalFields>
        <searchResultsAdditionalFields
        >CASES.CREATED_DATE</searchResultsAdditionalFields>
        <searchResultsAdditionalFields
        >CORE.USERS.ALIAS</searchResultsAdditionalFields>
    </searchLayouts>
    <sharingModel>ReadWriteTransfer</sharingModel>
</CustomObject>
