<?xml version="1.0" encoding="UTF-8" ?>
<Network xmlns="http://soap.sforce.com/2006/04/metadata">
  <allowInternalUserLogin>false</allowInternalUserLogin>
  <allowMembersToFlag>false</allowMembersToFlag>
  <changePasswordTemplate
    >unfiled$public/CommunityChangePasswordEmailTemplate</changePasswordTemplate>
  <communityRoles />
  <disableReputationRecordConversations
    >true</disableReputationRecordConversations>
  <emailSenderAddress>no-reply@salesforce.com</emailSenderAddress>
  <emailSenderName>Redwoods Insurance Customer Auth</emailSenderName>
  <enableCustomVFErrorPageOverrides>false</enableCustomVFErrorPageOverrides>
  <enableDirectMessages>true</enableDirectMessages>
  <enableGuestChatter>false</enableGuestChatter>
  <enableGuestFileAccess>false</enableGuestFileAccess>
  <enableGuestMemberVisibility>false</enableGuestMemberVisibility>
  <enableInvitation>false</enableInvitation>
  <enableKnowledgeable>false</enableKnowledgeable>
  <enableMemberVisibility>false</enableMemberVisibility>
  <enableNicknameDisplay>true</enableNicknameDisplay>
  <enablePrivateMessages>false</enablePrivateMessages>
  <enableReputation>false</enableReputation>
  <enableShowAllNetworkSettings>false</enableShowAllNetworkSettings>
  <enableSiteAsContainer>true</enableSiteAsContainer>
  <enableTalkingAboutStats>true</enableTalkingAboutStats>
  <enableTopicAssignmentRules>true</enableTopicAssignmentRules>
  <enableTopicSuggestions>false</enableTopicSuggestions>
  <enableUpDownVote>false</enableUpDownVote>
  <forgotPasswordTemplate
    >unfiled$public/CommunityForgotPasswordEmailTemplate</forgotPasswordTemplate>
  <gatherCustomerSentimentData>false</gatherCustomerSentimentData>
  <networkMemberGroups>
    <profile>Admin</profile>
  </networkMemberGroups>
  <networkPageOverrides>
    <changePasswordPageOverrideSetting
        >Standard</changePasswordPageOverrideSetting>
    <forgotPasswordPageOverrideSetting
        >Designer</forgotPasswordPageOverrideSetting>
    <homePageOverrideSetting>Designer</homePageOverrideSetting>
    <loginPageOverrideSetting>Designer</loginPageOverrideSetting>
    <selfRegProfilePageOverrideSetting
        >Designer</selfRegProfilePageOverrideSetting>
  </networkPageOverrides>
  <picassoSite>Redwoods_Insurance_Customer_Auth1</picassoSite>
  <selfRegistration>false</selfRegistration>
  <sendWelcomeEmail>true</sendWelcomeEmail>
  <site>Redwoods_Insurance_Customer_Auth</site>
  <status>Live</status>
  <tabs>
    <defaultTab>home</defaultTab>
    <standardTab>Chatter</standardTab>
  </tabs>
  <urlPathPrefix>auth</urlPathPrefix>
  <welcomeTemplate
    >unfiled$public/CommunityWelcomeEmailTemplate</welcomeTemplate>
</Network>
