<?xml version="1.0" encoding="UTF-8" ?>
<Flow xmlns="http://soap.sforce.com/2006/04/metadata">
    <actionCalls>
        <description
        >Route the messaging session to the default queue</description>
        <name>Route_to_Queue</name>
        <label>Route to Queue</label>
        <locationX>176</locationX>
        <locationY>458</locationY>
        <actionName>routeWork</actionName>
        <actionType>routeWork</actionType>
        <flowTransactionModel>CurrentTransaction</flowTransactionModel>
        <inputParameters>
            <name>recordId</name>
            <value>
                <elementReference>recordId</elementReference>
            </value>
        </inputParameters>
        <inputParameters>
            <name>serviceChannelId</name>
            <value>
                <stringValue>%%SF_CC_PLACEHOLDER_FLOW_CHANNEL_ID%%</stringValue>
            </value>
        </inputParameters>
        <inputParameters>
            <name>serviceChannelLabel</name>
            <value>
                <stringValue>Messaging</stringValue>
            </value>
        </inputParameters>
        <inputParameters>
            <name>serviceChannelDevName</name>
            <value>
                <stringValue>sfdc_livemessage</stringValue>
            </value>
        </inputParameters>
        <inputParameters>
            <name>routingType</name>
            <value>
                <stringValue>QueueBased</stringValue>
            </value>
        </inputParameters>
        <inputParameters>
            <name>routingConfigId</name>
        </inputParameters>
        <inputParameters>
            <name>routingConfigLabel</name>
        </inputParameters>
        <inputParameters>
            <name>queueId</name>
            <value>
                <stringValue>%%SF_CC_PLACEHOLDER_FLOW_QUEUE_ID%%</stringValue>
            </value>
        </inputParameters>
        <inputParameters>
            <name>agentId</name>
        </inputParameters>
        <inputParameters>
            <name>agentLabel</name>
        </inputParameters>
        <inputParameters>
            <name>queueLabel</name>
            <value>
                <stringValue>Messaging Queue</stringValue>
            </value>
        </inputParameters>
        <inputParameters>
            <name>skillOption</name>
        </inputParameters>
        <inputParameters>
            <name>skillRequirementsResourceItem</name>
        </inputParameters>
        <inputParameters>
            <name>botId</name>
        </inputParameters>
        <inputParameters>
            <name>botLabel</name>
        </inputParameters>
        <inputParameters>
            <name>copilotId</name>
        </inputParameters>
        <inputParameters>
            <name>copilotLabel</name>
        </inputParameters>
        <nameSegment>routeWork</nameSegment>
        <offset>0</offset>
        <versionSegment>1</versionSegment>
    </actionCalls>
    <apiVersion>63.0</apiVersion>
    <description
    >Create a case and route it to a queue so that it can be picked up by an Agent.</description>
    <environments>Default</environments>
    <interviewLabel>Route to Queue {!$Flow.CurrentDateTime}</interviewLabel>
    <label>Route to Queue</label>
    <processMetadataValues>
        <name>BuilderType</name>
        <value>
            <stringValue>LightningFlowBuilder</stringValue>
        </value>
    </processMetadataValues>
    <processMetadataValues>
        <name>CanvasMode</name>
        <value>
            <stringValue>AUTO_LAYOUT_CANVAS</stringValue>
        </value>
    </processMetadataValues>
    <processMetadataValues>
        <name>OriginBuilderType</name>
        <value>
            <stringValue>LightningFlowBuilder</stringValue>
        </value>
    </processMetadataValues>
    <processType>RoutingFlow</processType>
    <recordCreates>
        <name>Create_Case</name>
        <label>Create Case</label>
        <locationX>176</locationX>
        <locationY>242</locationY>
        <connector>
            <targetReference>Update_Messaging_Session</targetReference>
        </connector>
        <inputAssignments>
            <field>ContactId</field>
            <value>
                <elementReference>Get_Contact.Id</elementReference>
            </value>
        </inputAssignments>
        <inputAssignments>
            <field>Origin</field>
            <value>
                <stringValue>Web</stringValue>
            </value>
        </inputAssignments>
        <inputAssignments>
            <field>Status</field>
            <value>
                <stringValue>New</stringValue>
            </value>
        </inputAssignments>
        <inputAssignments>
            <field>Subject</field>
            <value>
                <stringValue>Web Messaging Support</stringValue>
            </value>
        </inputAssignments>
        <object>Case</object>
        <storeOutputAutomatically>true</storeOutputAutomatically>
    </recordCreates>
    <recordLookups>
        <description
        >The a default contact to assign to a new case and messaging session.</description>
        <name>Get_Contact</name>
        <label>Get Contact</label>
        <locationX>176</locationX>
        <locationY>134</locationY>
        <assignNullValuesIfNoRecordsFound
        >false</assignNullValuesIfNoRecordsFound>
        <connector>
            <targetReference>Create_Case</targetReference>
        </connector>
        <filterLogic>and</filterLogic>
        <filters>
            <field>Name</field>
            <operator>EqualTo</operator>
            <value>
                <stringValue>Sofia Rodriguez</stringValue>
            </value>
        </filters>
        <getFirstRecordOnly>true</getFirstRecordOnly>
        <object>Contact</object>
        <storeOutputAutomatically>true</storeOutputAutomatically>
    </recordLookups>
    <recordUpdates>
        <description
        >Update the messaging session with the created Case Id.</description>
        <name>Update_Messaging_Session</name>
        <label>Update Messaging Session</label>
        <locationX>176</locationX>
        <locationY>350</locationY>
        <connector>
            <targetReference>Route_to_Queue</targetReference>
        </connector>
        <filterLogic>and</filterLogic>
        <filters>
            <field>Id</field>
            <operator>EqualTo</operator>
            <value>
                <elementReference>recordId</elementReference>
            </value>
        </filters>
        <inputAssignments>
            <field>CaseId</field>
        </inputAssignments>
        <object>MessagingSession</object>
    </recordUpdates>
    <start>
        <locationX>50</locationX>
        <locationY>0</locationY>
        <connector>
            <targetReference>Get_Contact</targetReference>
        </connector>
    </start>
    <status>Active</status>
    <variables>
        <description
        >The Id of the messaging session that triggers the flow.</description>
        <name>recordId</name>
        <dataType>String</dataType>
        <isCollection>false</isCollection>
        <isInput>true</isInput>
        <isOutput>false</isOutput>
    </variables>
</Flow>
