<?xml version="1.0" encoding="UTF-8" ?>
<Flow xmlns="http://soap.sforce.com/2006/04/metadata">
    <apiVersion>63.0</apiVersion>
    <description>Loop through experiences</description>
    <environments>Default</environments>
    <interviewLabel>Experiences Loop {!$Flow.CurrentDateTime}</interviewLabel>
    <label>Experiences Loop</label>
    <processMetadataValues>
        <name>BuilderType</name>
        <value>
            <stringValue>LightningFlowBuilder</stringValue>
        </value>
    </processMetadataValues>
    <processMetadataValues>
        <name>CanvasMode</name>
        <value>
            <stringValue>AUTO_LAYOUT_CANVAS</stringValue>
        </value>
    </processMetadataValues>
    <processMetadataValues>
        <name>OriginBuilderType</name>
        <value>
            <stringValue>LightningFlowBuilder</stringValue>
        </value>
    </processMetadataValues>
    <processType>PromptFlow</processType>
    <recordLookups>
        <description
        >Get a list of resort experiences that match the guest&apos;s interests</description>
        <name>Get_Experiences</name>
        <label>Get Experiences</label>
        <locationX>176</locationX>
        <locationY>134</locationY>
        <assignNullValuesIfNoRecordsFound
        >false</assignNullValuesIfNoRecordsFound>
        <filterLogic>or</filterLogic>
        <filters>
            <field>Type__c</field>
            <operator>EqualTo</operator>
            <value>
                <elementReference
                >$Input.Recipient.Interest1__c</elementReference>
            </value>
        </filters>
        <filters>
            <field>Type__c</field>
            <operator>EqualTo</operator>
            <value>
                <elementReference
                >$Input.Recipient.Interest2__c</elementReference>
            </value>
        </filters>
        <filters>
            <field>Type__c</field>
            <operator>EqualTo</operator>
            <value>
                <elementReference
                >$Input.Recipient.Interest3__c</elementReference>
            </value>
        </filters>
        <getFirstRecordOnly>false</getFirstRecordOnly>
        <object>Experience__c</object>
        <storeOutputAutomatically>true</storeOutputAutomatically>
    </recordLookups>
    <start>
        <locationX>50</locationX>
        <locationY>0</locationY>
        <capabilityTypes>
            <name>PromptTemplateType://einstein_gpt__salesEmail</name>
            <capabilityName
            >PromptTemplateType://einstein_gpt__salesEmail</capabilityName>
            <inputs>
                <name>Sender</name>
                <capabilityInputName>Sender</capabilityInputName>
                <dataType>SOBJECT://User</dataType>
                <isCollection>false</isCollection>
            </inputs>
            <inputs>
                <name>Recipient</name>
                <capabilityInputName>Recipient</capabilityInputName>
                <dataType>SOBJECT://Contact</dataType>
                <isCollection>false</isCollection>
            </inputs>
        </capabilityTypes>
        <connector>
            <targetReference>Get_Experiences</targetReference>
        </connector>
        <triggerType>Capability</triggerType>
    </start>
    <status>Draft</status>
</Flow>
