<?xml version="1.0" encoding="UTF-8" ?>
<Flow xmlns="http://soap.sforce.com/2006/04/metadata">
    <apiVersion>63.0</apiVersion>
    <description>Issue a resort credit for a Contact</description>
    <environments>Default</environments>
    <interviewLabel
    >Issue Resort Credit {!$Flow.CurrentDateTime}</interviewLabel>
    <label>Issue Resort Credit</label>
    <processMetadataValues>
        <name>BuilderType</name>
        <value>
            <stringValue>LightningFlowBuilder</stringValue>
        </value>
    </processMetadataValues>
    <processMetadataValues>
        <name>CanvasMode</name>
        <value>
            <stringValue>AUTO_LAYOUT_CANVAS</stringValue>
        </value>
    </processMetadataValues>
    <processMetadataValues>
        <name>OriginBuilderType</name>
        <value>
            <stringValue>LightningFlowBuilder</stringValue>
        </value>
    </processMetadataValues>
    <processType>AutoLaunchedFlow</processType>
    <recordCreates>
        <description
        >Create a credit record including a Contact Id and the amount of the credit.</description>
        <name>Create_Credit_Record</name>
        <label>Create Credit Record</label>
        <locationX>176</locationX>
        <locationY>134</locationY>
        <assignRecordIdToReference>creditId</assignRecordIdToReference>
        <inputAssignments>
            <field>Amount__c</field>
            <value>
                <elementReference>amount</elementReference>
            </value>
        </inputAssignments>
        <inputAssignments>
            <field>Contact__c</field>
            <value>
                <elementReference>contactid</elementReference>
            </value>
        </inputAssignments>
        <object>Credit__c</object>
    </recordCreates>
    <start>
        <locationX>50</locationX>
        <locationY>0</locationY>
        <connector>
            <targetReference>Create_Credit_Record</targetReference>
        </connector>
    </start>
    <status>Active</status>
    <variables>
        <description>The amount of the resort credit.</description>
        <name>amount</name>
        <dataType>Number</dataType>
        <isCollection>false</isCollection>
        <isInput>true</isInput>
        <isOutput>false</isOutput>
        <scale>0</scale>
    </variables>
    <variables>
        <description
        >The Id of the Contact the credit will be issued to.</description>
        <name>contactid</name>
        <dataType>String</dataType>
        <isCollection>false</isCollection>
        <isInput>true</isInput>
        <isOutput>false</isOutput>
    </variables>
    <variables>
        <description>The id of the Credit record that was created.</description>
        <name>creditId</name>
        <dataType>String</dataType>
        <isCollection>false</isCollection>
        <isInput>false</isInput>
        <isOutput>true</isOutput>
    </variables>
</Flow>
