<?xml version="1.0" encoding="UTF-8" ?>
<Flow xmlns="http://soap.sforce.com/2006/04/metadata">
    <actionCalls>
        <description
        >Invoke the Generate Personalized Schedule Prompt</description>
        <name>Invoke_Prompt</name>
        <label>Invoke Prompt</label>
        <locationX>176</locationX>
        <locationY>242</locationY>
        <actionName>Generate_Personalized_Schedule</actionName>
        <actionType>generatePromptResponse</actionType>
        <connector>
            <targetReference>Display_Result</targetReference>
        </connector>
        <flowTransactionModel>CurrentTransaction</flowTransactionModel>
        <inputParameters>
            <name>Input:Contact</name>
            <value>
                <elementReference>Get_Contact</elementReference>
            </value>
        </inputParameters>
        <nameSegment>Generate_Personalized_Schedule</nameSegment>
        <offset>0</offset>
        <storeOutputAutomatically>true</storeOutputAutomatically>
        <versionSegment>1</versionSegment>
    </actionCalls>
    <apiVersion>63.0</apiVersion>
    <description
    >This flow is used to take a contacts interests and generate a report of the
        available Experiences that they can enroll in today.</description>
    <environments>Default</environments>
    <interviewLabel
    >Personalize Schedule {!$Flow.CurrentDateTime}</interviewLabel>
    <label>Personalized Schedule</label>
    <processMetadataValues>
        <name>BuilderType</name>
        <value>
            <stringValue>LightningFlowBuilder</stringValue>
        </value>
    </processMetadataValues>
    <processMetadataValues>
        <name>CanvasMode</name>
        <value>
            <stringValue>AUTO_LAYOUT_CANVAS</stringValue>
        </value>
    </processMetadataValues>
    <processMetadataValues>
        <name>OriginBuilderType</name>
        <value>
            <stringValue>LightningFlowBuilder</stringValue>
        </value>
    </processMetadataValues>
    <processType>Flow</processType>
    <recordLookups>
        <name>Get_Contact</name>
        <label>Get Contact</label>
        <locationX>176</locationX>
        <locationY>134</locationY>
        <assignNullValuesIfNoRecordsFound
        >false</assignNullValuesIfNoRecordsFound>
        <connector>
            <targetReference>Invoke_Prompt</targetReference>
        </connector>
        <filterLogic>and</filterLogic>
        <filters>
            <field>Id</field>
            <operator>EqualTo</operator>
            <value>
                <elementReference>recordId</elementReference>
            </value>
        </filters>
        <getFirstRecordOnly>true</getFirstRecordOnly>
        <object>Contact</object>
        <storeOutputAutomatically>true</storeOutputAutomatically>
    </recordLookups>
    <screens>
        <description>Display the field generation result</description>
        <name>Display_Result</name>
        <label>Display Result</label>
        <locationX>176</locationX>
        <locationY>350</locationY>
        <allowBack>true</allowBack>
        <allowFinish>true</allowFinish>
        <allowPause>true</allowPause>
        <fields>
            <name>PromptGenerationResult</name>
            <fieldText>&lt;p&gt;Insert Variable Here&lt;/p&gt;</fieldText>
            <fieldType>DisplayText</fieldType>
        </fields>
        <fields>
            <name>PromptGenerationResult1</name>
            <fieldText>&lt;p&gt;{!Invoke_Prompt}&lt;/p&gt;</fieldText>
            <fieldType>DisplayText</fieldType>
        </fields>
        <showFooter>true</showFooter>
        <showHeader>true</showHeader>
    </screens>
    <start>
        <locationX>50</locationX>
        <locationY>0</locationY>
        <connector>
            <targetReference>Get_Contact</targetReference>
        </connector>
    </start>
    <status>Active</status>
    <variables>
        <description
        >The record Id that is passed in from the quick action.</description>
        <name>recordId</name>
        <dataType>String</dataType>
        <isCollection>false</isCollection>
        <isInput>true</isInput>
        <isOutput>false</isOutput>
    </variables>
</Flow>
