<?xml version="1.0" encoding="UTF-8" ?>
<CustomField xmlns="http://soap.sforce.com/2006/04/metadata">
    <fullName>Contact__c</fullName>
    <deleteConstraint>SetNull</deleteConstraint>
    <description>The contact that has received the resort credit.</description>
    <label>Contact</label>
    <referenceTo>Contact</referenceTo>
    <relationshipLabel>Credits</relationshipLabel>
    <relationshipName>Credits</relationshipName>
    <required>false</required>
    <trackTrending>false</trackTrending>
    <type>Lookup</type>
</CustomField>
