<?xml version="1.0" encoding="UTF-8" ?>
<ListView xmlns="http://soap.sforce.com/2006/04/metadata">
    <fullName>All</fullName>
    <columns>NAME</columns>
    <columns>Experience__c</columns>
    <columns>Date__c</columns>
    <columns>Start_Time__c</columns>
    <columns>End_Time__c</columns>
    <columns>Status__c</columns>
    <columns>Is_Canceled__c</columns>
    <columns>Capacity__c</columns>
    <columns>Available_Slots__c</columns>
    <columns>Booked_Slots__c</columns>
    <filterScope>Everything</filterScope>
    <label>All</label>
</ListView>
