<?xml version="1.0" encoding="UTF-8" ?>
<CustomField xmlns="http://soap.sforce.com/2006/04/metadata">
    <fullName>Vehicle_Order__c</fullName>
    <deleteConstraint>SetNull</deleteConstraint>
    <externalId>false</externalId>
    <label>Vehicle Order</label>
    <referenceTo>Vehicle_Order__c</referenceTo>
    <relationshipLabel>Car Configurations</relationshipLabel>
    <relationshipName>Car_Configurations</relationshipName>
    <required>false</required>
    <trackTrending>false</trackTrending>
    <type>Lookup</type>
</CustomField>
