<?xml version="1.0" encoding="UTF-8" ?>
<FlexiPage xmlns="http://soap.sforce.com/2006/04/metadata">
    <flexiPageRegions>
        <itemInstances>
            <componentInstance>
                <componentInstanceProperties>
                    <name>collapsed</name>
                    <value>false</value>
                </componentInstanceProperties>
                <componentInstanceProperties>
                    <name>enableActionsConfiguration</name>
                    <value>false</value>
                </componentInstanceProperties>
                <componentInstanceProperties>
                    <name>hideChatterActions</name>
                    <value>false</value>
                </componentInstanceProperties>
                <componentName>force:highlightsPanel</componentName>
                <identifier>forceHighlights</identifier>
            </componentInstance>
        </itemInstances>
        <mode>Replace</mode>
        <name>header</name>
        <type>Region</type>
    </flexiPageRegions>
    <flexiPageRegions>
        <itemInstances>
            <componentInstance>
                <componentInstanceProperties>
                    <name>relatedListComponentOverride</name>
                    <value>NONE</value>
                </componentInstanceProperties>
                <componentInstanceProperties>
                    <name>rowsToDisplay</name>
                    <value>10</value>
                </componentInstanceProperties>
                <componentInstanceProperties>
                    <name>showActionBar</name>
                    <value>true</value>
                </componentInstanceProperties>
                <componentName>force:relatedListContainer</componentName>
                <identifier>forceRelatedContainer</identifier>
            </componentInstance>
        </itemInstances>
        <mode>Replace</mode>
        <name>relatedTabContent</name>
        <type>Facet</type>
    </flexiPageRegions>
    <flexiPageRegions>
        <itemInstances>
            <fieldInstance>
                <fieldInstanceProperties>
                    <name>uiBehavior</name>
                    <value>required</value>
                </fieldInstanceProperties>
                <fieldItem>Record.Account__c</fieldItem>
                <identifier>recordAccount1</identifier>
            </fieldInstance>
        </itemInstances>
        <name>Facet-5109d7d1-dd5b-4058-b438-645b94ab5d5f</name>
        <type>Facet</type>
    </flexiPageRegions>
    <flexiPageRegions>
        <itemInstances>
            <fieldInstance>
                <fieldInstanceProperties>
                    <name>uiBehavior</name>
                    <value>readonly</value>
                </fieldInstanceProperties>
                <fieldItem>Record.CreatedById</fieldItem>
                <identifier>createdById</identifier>
                <visibilityRule>
                    <criteria>
                        <leftValue>{!Record.Name}</leftValue>
                        <operator>NE</operator>
                    </criteria>
                </visibilityRule>
            </fieldInstance>
        </itemInstances>
        <itemInstances>
            <fieldInstance>
                <fieldInstanceProperties>
                    <name>uiBehavior</name>
                    <value>readonly</value>
                </fieldInstanceProperties>
                <fieldItem>Record.LastModifiedById</fieldItem>
                <identifier>LastModifiedById</identifier>
                <visibilityRule>
                    <criteria>
                        <leftValue>{!Record.Name}</leftValue>
                        <operator>NE</operator>
                    </criteria>
                </visibilityRule>
            </fieldInstance>
        </itemInstances>
        <itemInstances>
            <fieldInstance>
                <fieldInstanceProperties>
                    <name>uiBehavior</name>
                    <value>none</value>
                </fieldInstanceProperties>
                <fieldItem>Record.Status__c</fieldItem>
                <identifier>RecordStatus_cField</identifier>
            </fieldInstance>
        </itemInstances>
        <name>Facet-24481a15-ff0a-486e-9b84-705cee2963d1</name>
        <type>Facet</type>
    </flexiPageRegions>
    <flexiPageRegions>
        <itemInstances>
            <componentInstance>
                <componentInstanceProperties>
                    <name>body</name>
                    <value>Facet-5109d7d1-dd5b-4058-b438-645b94ab5d5f</value>
                </componentInstanceProperties>
                <componentName>flexipage:column</componentName>
                <identifier>flexiColumn1</identifier>
            </componentInstance>
        </itemInstances>
        <itemInstances>
            <componentInstance>
                <componentInstanceProperties>
                    <name>body</name>
                    <value>Facet-24481a15-ff0a-486e-9b84-705cee2963d1</value>
                </componentInstanceProperties>
                <componentName>flexipage:column</componentName>
                <identifier>flexiColumn2</identifier>
            </componentInstance>
        </itemInstances>
        <name>Facet-e70a8d02-0661-4bca-92b4-62d514246789</name>
        <type>Facet</type>
    </flexiPageRegions>
    <flexiPageRegions>
        <itemInstances>
            <componentInstance>
                <componentInstanceProperties>
                    <name>columns</name>
                    <value>Facet-e70a8d02-0661-4bca-92b4-62d514246789</value>
                </componentInstanceProperties>
                <componentInstanceProperties>
                    <name>horizontalAlignment</name>
                    <value>false</value>
                </componentInstanceProperties>
                <componentInstanceProperties>
                    <name>label</name>
                    <value>Information</value>
                </componentInstanceProperties>
                <componentName>flexipage:fieldSection</componentName>
                <identifier>fieldSection</identifier>
            </componentInstance>
        </itemInstances>
        <name>Facet-07a3ffa3-2ce8-4764-8215-3b56c7eb1aeb</name>
        <type>Facet</type>
    </flexiPageRegions>
    <flexiPageRegions>
        <name>Facet-724d8a06-9c83-4647-b61a-d7d88d2bbcd7</name>
        <type>Facet</type>
    </flexiPageRegions>
    <flexiPageRegions>
        <name>Facet-f4868b5f-b091-46f4-96c1-36696d5f54b7</name>
        <type>Facet</type>
    </flexiPageRegions>
    <flexiPageRegions>
        <itemInstances>
            <componentInstance>
                <componentInstanceProperties>
                    <name>body</name>
                    <value>Facet-724d8a06-9c83-4647-b61a-d7d88d2bbcd7</value>
                </componentInstanceProperties>
                <componentName>flexipage:column</componentName>
                <identifier>flexiColumn3</identifier>
            </componentInstance>
        </itemInstances>
        <itemInstances>
            <componentInstance>
                <componentInstanceProperties>
                    <name>body</name>
                    <value>Facet-f4868b5f-b091-46f4-96c1-36696d5f54b7</value>
                </componentInstanceProperties>
                <componentName>flexipage:column</componentName>
                <identifier>flexiColumn4</identifier>
            </componentInstance>
        </itemInstances>
        <name>Facet-d8ef1bea-6920-417b-9e72-faa11bed4dd6</name>
        <type>Facet</type>
    </flexiPageRegions>
    <flexiPageRegions>
        <itemInstances>
            <componentInstance>
                <componentInstanceProperties>
                    <name>columns</name>
                    <value>Facet-d8ef1bea-6920-417b-9e72-faa11bed4dd6</value>
                </componentInstanceProperties>
                <componentInstanceProperties>
                    <name>horizontalAlignment</name>
                    <value>false</value>
                </componentInstanceProperties>
                <componentInstanceProperties>
                    <name>label</name>
                    <value>System Information</value>
                </componentInstanceProperties>
                <componentName>flexipage:fieldSection</componentName>
                <identifier>fieldSection1</identifier>
            </componentInstance>
        </itemInstances>
        <name>Facet-b2033f7e-adc2-45cf-9f61-1b71d4aa75c1</name>
        <type>Facet</type>
    </flexiPageRegions>
    <flexiPageRegions>
        <itemInstances>
            <componentInstance>
                <componentInstanceProperties>
                    <name>body</name>
                    <value>Facet-07a3ffa3-2ce8-4764-8215-3b56c7eb1aeb</value>
                </componentInstanceProperties>
                <componentInstanceProperties>
                    <name>label</name>
                    <value>Standard.Tab.fields</value>
                </componentInstanceProperties>
                <componentInstanceProperties>
                    <name>name</name>
                    <value>accordionSection1</value>
                </componentInstanceProperties>
                <componentName>flexipage:accordionSection</componentName>
                <identifier>flexiaccordionSection1</identifier>
            </componentInstance>
        </itemInstances>
        <itemInstances>
            <componentInstance>
                <componentInstanceProperties>
                    <name>body</name>
                    <value>Facet-b2033f7e-adc2-45cf-9f61-1b71d4aa75c1</value>
                </componentInstanceProperties>
                <componentInstanceProperties>
                    <name>label</name>
                    <value>Standard.Tab.additionalFields</value>
                </componentInstanceProperties>
                <componentInstanceProperties>
                    <name>name</name>
                    <value>accordionSection2</value>
                </componentInstanceProperties>
                <componentName>flexipage:accordionSection</componentName>
                <identifier>flexiaccordionSection2</identifier>
            </componentInstance>
        </itemInstances>
        <name>Facet-3a2cee67-d9a2-412d-956e-27ea37493209</name>
        <type>Facet</type>
    </flexiPageRegions>
    <flexiPageRegions>
        <itemInstances>
            <componentInstance>
                <componentInstanceProperties>
                    <name>accordionSections</name>
                    <value>Facet-3a2cee67-d9a2-412d-956e-27ea37493209</value>
                </componentInstanceProperties>
                <componentInstanceProperties>
                    <name>defaultSectionName</name>
                    <value>accordionSection1</value>
                </componentInstanceProperties>
                <componentName>flexipage:accordion</componentName>
                <identifier>flexiacordionSection</identifier>
            </componentInstance>
        </itemInstances>
        <itemInstances>
            <componentInstance>
                <componentName>force:recordDetailPanelMobile</componentName>
                <identifier>forceMobileDetail</identifier>
            </componentInstance>
        </itemInstances>
        <mode>Replace</mode>
        <name>detailTabContent</name>
        <type>Facet</type>
    </flexiPageRegions>
    <flexiPageRegions>
        <itemInstances>
            <componentInstance>
                <componentInstanceProperties>
                    <name>body</name>
                    <value>relatedTabContent</value>
                </componentInstanceProperties>
                <componentInstanceProperties>
                    <name>title</name>
                    <value>Standard.Tab.relatedLists</value>
                </componentInstanceProperties>
                <componentName>flexipage:tab</componentName>
                <identifier>flexiTab1</identifier>
            </componentInstance>
        </itemInstances>
        <itemInstances>
            <componentInstance>
                <componentInstanceProperties>
                    <name>active</name>
                    <value>true</value>
                </componentInstanceProperties>
                <componentInstanceProperties>
                    <name>body</name>
                    <value>detailTabContent</value>
                </componentInstanceProperties>
                <componentInstanceProperties>
                    <name>title</name>
                    <value>Standard.Tab.detail</value>
                </componentInstanceProperties>
                <componentName>flexipage:tab</componentName>
                <identifier>flexiTab2</identifier>
            </componentInstance>
        </itemInstances>
        <mode>Replace</mode>
        <name>maintabs</name>
        <type>Facet</type>
    </flexiPageRegions>
    <flexiPageRegions>
        <itemInstances>
            <componentInstance>
                <componentName>orderStatusPath</componentName>
                <identifier>c_orderStatusPath</identifier>
            </componentInstance>
        </itemInstances>
        <itemInstances>
            <componentInstance>
                <componentInstanceProperties>
                    <name>tabs</name>
                    <value>maintabs</value>
                </componentInstanceProperties>
                <componentName>flexipage:tabset</componentName>
                <identifier>flexiTabset2</identifier>
            </componentInstance>
        </itemInstances>
        <mode>Replace</mode>
        <name>main</name>
        <type>Region</type>
    </flexiPageRegions>
    <flexiPageRegions>
        <itemInstances>
            <componentInstance>
                <componentName>orderBuilder</componentName>
                <identifier>c_orderBuilder</identifier>
            </componentInstance>
        </itemInstances>
        <itemInstances>
            <componentInstance>
                <componentInstanceProperties>
                    <name>searchBarIsVisible</name>
                    <value>true</value>
                </componentInstanceProperties>
                <componentInstanceProperties>
                    <name>tilesAreDraggable</name>
                    <value>true</value>
                </componentInstanceProperties>
                <componentName>productTileList</componentName>
                <identifier>productTileList</identifier>
            </componentInstance>
        </itemInstances>
        <mode>Replace</mode>
        <name>sidebar</name>
        <type>Region</type>
    </flexiPageRegions>
    <masterLabel>Order Record Page</masterLabel>
    <parentFlexiPage>flexipage__default_rec_L</parentFlexiPage>
    <sobjectType>Order__c</sobjectType>
    <template>
        <name>flexipage:recordHomeTemplateDesktop</name>
    </template>
    <type>RecordPage</type>
</FlexiPage>
