<?xml version="1.0" encoding="UTF-8" ?>
<FlexiPage xmlns="http://soap.sforce.com/2006/04/metadata">
    <flexiPageRegions>
        <itemInstances>
            <componentInstance>
                <identifier>productFilter</identifier>
                <componentName>productFilter</componentName>
            </componentInstance>
        </itemInstances>
        <name>left</name>
        <type>Region</type>
    </flexiPageRegions>
    <flexiPageRegions>
        <itemInstances>
            <componentInstance>
            <identifier>productTileList</identifier>
                <componentName>productTileList</componentName>
            </componentInstance>
        </itemInstances>
        <name>center</name>
        <type>Region</type>
    </flexiPageRegions>
    <flexiPageRegions>
        <itemInstances>
            <componentInstance>
            <identifier>productCard</identifier>
                <componentName>productCard</componentName>
            </componentInstance>
        </itemInstances>
        <name>right</name>
        <type>Region</type>
    </flexiPageRegions>
    <masterLabel>Product Explorer</masterLabel>
    <template>
        <name>pageTemplate_2_7_3</name>
    </template>
    <type>AppPage</type>
</FlexiPage>
