<?xml version="1.0" encoding="UTF-8" ?>
<Prompt xmlns="http://soap.sforce.com/2006/04/metadata">
    <masterLabel>Case</masterLabel>
    <promptVersions>
        <body
        >Live car data is streamed from MQTT into Salesforce, providing real-time insights on the health of a car.</body>
        <customApplication>ECars</customApplication>
        <delayDays>1</delayDays>
        <dismissButtonLabel>Close</dismissButtonLabel>
        <displayPosition>BottomCenter</displayPosition>
        <displayType>FloatingPanel</displayType>
        <isPublished>true</isPublished>
        <masterLabel>Case Step 1</masterLabel>
        <publishedDate>2020-10-13</publishedDate>
        <shouldDisplayActionButton>false</shouldDisplayActionButton>
        <shouldIgnoreGlobalDelay>true</shouldIgnoreGlobalDelay>
        <startDate>2020-10-12</startDate>
        <stepNumber>1</stepNumber>
        <targetPageKey1>Case</targetPageKey1>
        <targetPageKey2>view</targetPageKey2>
        <targetPageType>standard__recordPage</targetPageType>
        <timesToDisplay>2</timesToDisplay>
        <title>MQTT</title>
        <userAccess>Everyone</userAccess>
        <userProfileAccess>Everyone</userProfileAccess>
        <versionNumber>1</versionNumber>
    </promptVersions>
</Prompt>
