<?xml version="1.0" encoding="UTF-8" ?>
<CustomObject xmlns="http://soap.sforce.com/2006/04/metadata">
  <actionOverrides>
    <actionName>CallHighlightAction</actionName>
    <type>Default</type>
  </actionOverrides>
  <actionOverrides>
    <actionName>CancelEdit</actionName>
    <type>Default</type>
  </actionOverrides>
  <actionOverrides>
    <actionName>Delete</actionName>
    <type>Default</type>
  </actionOverrides>
  <actionOverrides>
    <actionName>Edit</actionName>
    <type>Default</type>
  </actionOverrides>
  <actionOverrides>
    <actionName>EmailHighlightAction</actionName>
    <type>Default</type>
  </actionOverrides>
  <actionOverrides>
    <actionName>EnableCustomerPortalUser</actionName>
    <type>Default</type>
  </actionOverrides>
  <actionOverrides>
    <actionName>List</actionName>
    <type>Default</type>
  </actionOverrides>
  <actionOverrides>
    <actionName>ListClean</actionName>
    <type>Default</type>
  </actionOverrides>
  <actionOverrides>
    <actionName>New</actionName>
    <type>Default</type>
  </actionOverrides>
  <actionOverrides>
    <actionName>RequestUpdate</actionName>
    <type>Default</type>
  </actionOverrides>
  <actionOverrides>
    <actionName>SaveEdit</actionName>
    <type>Default</type>
  </actionOverrides>
  <actionOverrides>
    <actionName>SmsHighlightAction</actionName>
    <type>Default</type>
  </actionOverrides>
  <actionOverrides>
    <actionName>Tab</actionName>
    <type>Default</type>
  </actionOverrides>
  <actionOverrides>
    <actionName>View</actionName>
    <type>Default</type>
  </actionOverrides>
  <actionOverrides>
    <actionName>ViewCustomerPortalUser</actionName>
    <type>Default</type>
  </actionOverrides>
  <actionOverrides>
    <actionName>WebsiteHighlightAction</actionName>
    <type>Default</type>
  </actionOverrides>
  <compactLayoutAssignment>SYSTEM</compactLayoutAssignment>
  <enableFeeds>true</enableFeeds>
  <enableHistory>false</enableHistory>
  <searchLayouts>
    <customTabListAdditionalFields>ACCOUNT.NAME</customTabListAdditionalFields>
    <customTabListAdditionalFields
        >ACCOUNT.ADDRESS1_CITY</customTabListAdditionalFields>
    <customTabListAdditionalFields
        >ACCOUNT.PHONE1</customTabListAdditionalFields>
    <lookupDialogsAdditionalFields>ACCOUNT.NAME</lookupDialogsAdditionalFields>
    <lookupDialogsAdditionalFields>ACCOUNT.SITE</lookupDialogsAdditionalFields>
    <lookupDialogsAdditionalFields
        >CORE.USERS.ALIAS</lookupDialogsAdditionalFields>
    <lookupDialogsAdditionalFields>ACCOUNT.TYPE</lookupDialogsAdditionalFields>
    <lookupPhoneDialogsAdditionalFields
        >ACCOUNT.NAME</lookupPhoneDialogsAdditionalFields>
    <lookupPhoneDialogsAdditionalFields
        >ACCOUNT.SITE</lookupPhoneDialogsAdditionalFields>
    <lookupPhoneDialogsAdditionalFields
        >CORE.USERS.ALIAS</lookupPhoneDialogsAdditionalFields>
    <lookupPhoneDialogsAdditionalFields
        >ACCOUNT.TYPE</lookupPhoneDialogsAdditionalFields>
    <lookupPhoneDialogsAdditionalFields
        >ACCOUNT.PHONE1</lookupPhoneDialogsAdditionalFields>
    <searchResultsAdditionalFields>ACCOUNT.NAME</searchResultsAdditionalFields>
    <searchResultsAdditionalFields>ACCOUNT.SITE</searchResultsAdditionalFields>
    <searchResultsAdditionalFields
        >ACCOUNT.PHONE1</searchResultsAdditionalFields>
    <searchResultsAdditionalFields
        >CORE.USERS.ALIAS</searchResultsAdditionalFields>
  </searchLayouts>
  <sharingModel>ReadWrite</sharingModel>
</CustomObject>
