<?xml version="1.0" encoding="UTF-8" ?>
<FlexiPage xmlns="http://soap.sforce.com/2006/04/metadata">
    <flexiPageRegions>
        <itemInstances>
            <componentInstance>
                <componentInstanceProperties>
                    <name>enableInlineEdit</name>
                    <value>true</value>
                </componentInstanceProperties>
                <componentInstanceProperties>
                    <name>entityName</name>
                    <value>Account</value>
                </componentInstanceProperties>
                <componentInstanceProperties>
                    <name>filterName</name>
                    <value>All_Recipes_Accounts</value>
                </componentInstanceProperties>
                <componentInstanceProperties>
                    <name>hideActionBar</name>
                    <value>false</value>
                </componentInstanceProperties>
                <componentInstanceProperties>
                    <name>hideSearchBar</name>
                    <value>false</value>
                </componentInstanceProperties>
                <componentInstanceProperties>
                    <name>pageSize</name>
                    <value>20</value>
                </componentInstanceProperties>
                <componentName>flexipage:filterListCard</componentName>
                <identifier>flexipage_filterListCard</identifier>
            </componentInstance>
        </itemInstances>
        <name>region1</name>
        <type>Region</type>
    </flexiPageRegions>
    <flexiPageRegions>
        <itemInstances>
            <componentInstance>
                <componentName>dispatchRefreshEvent</componentName>
                <identifier>c_dispatchRefreshEvent</identifier>
            </componentInstance>
        </itemInstances>
        <name>region2</name>
        <type>Region</type>
    </flexiPageRegions>
    <flexiPageRegions>
        <itemInstances>
            <componentInstance>
                <componentName>viewToRefresh</componentName>
                <identifier>c_viewToRefresh</identifier>
            </componentInstance>
        </itemInstances>
        <name>region3</name>
        <type>Region</type>
    </flexiPageRegions>
    <masterLabel>Refresh View</masterLabel>
    <template>
        <name>flexipage:appHomeTemplateTwoColumnsStacked</name>
    </template>
    <type>AppPage</type>
</FlexiPage>
