<?xml version="1.0" encoding="UTF-8" ?>
<CustomField xmlns="http://soap.sforce.com/2006/04/metadata">
    <fullName>Status__c</fullName>
    <externalId>false</externalId>
    <label>Status</label>
    <required>true</required>
    <trackTrending>false</trackTrending>
    <type>Picklist</type>
    <valueSet>
        <restricted>true</restricted>
        <valueSetDefinition>
            <sorted>false</sorted>
            <value>
                <fullName>Draft</fullName>
                <default>true</default>
                <label>Draft</label>
            </value>
            <value>
                <fullName>Submitted to Manufacturing</fullName>
                <default>false</default>
                <label>Submitted to Manufacturing</label>
            </value>
            <value>
                <fullName>Approved by Manufacturing</fullName>
                <default>false</default>
                <label>Approved by Manufacturing</label>
            </value>
            <value>
                <fullName>In Production</fullName>
                <default>false</default>
                <label>In Production</label>
            </value>
        </valueSetDefinition>
    </valueSet>
</CustomField>
