<?xml version="1.0" encoding="UTF-8" ?>
<CustomApplication xmlns="http://soap.sforce.com/2006/04/metadata">
    <brand>
        <headerColor>#7FB6AF</headerColor>
        <logo>Coral_Cloud_Logo</logo>
        <logoVersion>1</logoVersion>
        <shouldOverrideOrgTheme>false</shouldOverrideOrgTheme>
    </brand>
    <description>Your smart hospitality app</description>
    <formFactors>Small</formFactors>
    <formFactors>Large</formFactors>
    <isNavAutoTempTabsDisabled>false</isNavAutoTempTabsDisabled>
    <isNavPersonalizationDisabled>false</isNavPersonalizationDisabled>
    <isNavTabPersistenceDisabled>false</isNavTabPersistenceDisabled>
    <isOmniPinnedViewEnabled>false</isOmniPinnedViewEnabled>
    <label>Coral Cloud Resorts</label>
    <navType>Standard</navType>
    <tabs>standard-home</tabs>
    <tabs>standard-Account</tabs>
    <tabs>standard-Contact</tabs>
    <tabs>Experience__c</tabs>
    <tabs>Session__c</tabs>
    <tabs>Booking__c</tabs>
    <tabs>Guest_Review__c</tabs>
    <tabs>standard-Case</tabs>
    <tabs>standard-report</tabs>
    <uiType>Lightning</uiType>
    <utilityBar>Coral_Cloud_UtilityBar</utilityBar>
</CustomApplication>
