<?xml version="1.0" encoding="UTF-8" ?>
<CustomField xmlns="http://soap.sforce.com/2006/04/metadata">
    <fullName>Category__c</fullName>
    <externalId>false</externalId>
    <label>Category</label>
    <required>false</required>
    <trackTrending>false</trackTrending>
    <type>Picklist</type>
    <valueSet>
        <valueSetDefinition>
            <sorted>false</sorted>
            <value>
                <fullName>Womens</fullName>
                <default>false</default>
                <label>Womens</label>
            </value>
            <value>
                <fullName>Mens</fullName>
                <default>false</default>
                <label>Mens</label>
            </value>
            <value>
                <fullName>Kids</fullName>
                <default>false</default>
                <label>Kids</label>
            </value>
            <value>
                <fullName>Gear</fullName>
                <default>false</default>
                <label>Gear</label>
            </value>
            <value>
                <fullName>Electronics</fullName>
                <default>false</default>
                <label>Electronics</label>
            </value>
        </valueSetDefinition>
    </valueSet>
</CustomField>
