<?xml version="1.0" encoding="UTF-8" ?>
<CustomField xmlns="http://soap.sforce.com/2006/04/metadata">
    <fullName>Crop_Picture__c</fullName>
    <externalId>false</externalId>
    <formula
    >if(ISBLANK(Harvest_Field__r.Picture_URL__c), '', IMAGE(Harvest_Field__r.Picture_URL__c, "Picture"))</formula>
    <formulaTreatBlanksAs>BlankAsZero</formulaTreatBlanksAs>
    <label>Crop Picture</label>
    <required>false</required>
    <trackTrending>false</trackTrending>
    <type>Text</type>
    <unique>false</unique>
</CustomField>
