<?xml version="1.0" encoding="UTF-8" ?>
<CustomField xmlns="http://soap.sforce.com/2006/04/metadata">
    <fullName>Harvest_Field__c</fullName>
    <deleteConstraint>SetNull</deleteConstraint>
    <externalId>false</externalId>
    <label>Harvest Field</label>
    <referenceTo>Harvest_Field__c</referenceTo>
    <relationshipLabel>Harvests</relationshipLabel>
    <relationshipName>Harvests</relationshipName>
    <required>false</required>
    <trackTrending>false</trackTrending>
    <type>Lookup</type>
</CustomField>
