<?xml version="1.0" encoding="UTF-8" ?>
<CustomObject xmlns="http://soap.sforce.com/2006/04/metadata">
    <actionOverrides>
        <actionName>Accept</actionName>
        <type>Default</type>
    </actionOverrides>
    <actionOverrides>
        <actionName>CancelEdit</actionName>
        <type>Default</type>
    </actionOverrides>
    <actionOverrides>
        <actionName>Clone</actionName>
        <type>Default</type>
    </actionOverrides>
    <actionOverrides>
        <actionName>Delete</actionName>
        <type>Default</type>
    </actionOverrides>
    <actionOverrides>
        <actionName>Edit</actionName>
        <type>Default</type>
    </actionOverrides>
    <actionOverrides>
        <actionName>List</actionName>
        <type>Default</type>
    </actionOverrides>
    <actionOverrides>
        <actionName>New</actionName>
        <type>Default</type>
    </actionOverrides>
    <actionOverrides>
        <actionName>SaveEdit</actionName>
        <type>Default</type>
    </actionOverrides>
    <actionOverrides>
        <actionName>Tab</actionName>
        <type>Default</type>
    </actionOverrides>
    <actionOverrides>
        <actionName>View</actionName>
        <type>Default</type>
    </actionOverrides>
    <allowInChatterGroups>true</allowInChatterGroups>
    <compactLayoutAssignment>SYSTEM</compactLayoutAssignment>
    <deploymentStatus>Deployed</deploymentStatus>
    <enableActivities>true</enableActivities>
    <enableBulkApi>true</enableBulkApi>
    
    <enableFeeds>false</enableFeeds>
    <enableHistory>true</enableHistory>
    <enableReports>true</enableReports>
    <enableSearch>true</enableSearch>
    <enableSharing>true</enableSharing>
    <enableStreamingApi>true</enableStreamingApi>
    <label>Reservation</label>
    <nameField>
        <displayFormat>{DD}{MM}{YY}-{0}</displayFormat>
        <label>Reservation Name</label>
        <trackHistory>false</trackHistory>
        <type>AutoNumber</type>
    </nameField>
    <pluralLabel>Reservations</pluralLabel>
    <searchLayouts />
    <sharingModel>ReadWrite</sharingModel>
    <visibility>Public</visibility>
</CustomObject>
