<?xml version="1.0" encoding="UTF-8" ?>
<CustomField xmlns="http://soap.sforce.com/2006/04/metadata">
    <fullName>Sobject_Type__c</fullName>
    <externalId>false</externalId>
    <fieldManageability>SubscriberControlled</fieldManageability>
    <label>Sobject Type</label>
    <referenceTo>EntityDefinition</referenceTo>
    <relationshipLabel>Customer_Fields</relationshipLabel>
    <relationshipName>Customer_Fields</relationshipName>
    <required>false</required>
    <type>MetadataRelationship</type>
    <unique>true</unique>
</CustomField>
