<?xml version="1.0" encoding="UTF-8" ?>
<GenAiFunction xmlns="http://soap.sforce.com/2006/04/metadata">
    <description
    >Create a Booking__c record when provided the numberOfGuests, ID of the contact and ID of the Session__c</description>
    <invocationTarget>Create_Booking</invocationTarget>
    <invocationTargetType>flow</invocationTargetType>
    <isConfirmationRequired>false</isConfirmationRequired>
    <isIncludeInProgressIndicator>false</isIncludeInProgressIndicator>
    <mappingAttributes>
        <label>contactId</label>
        <name>input_contactId</name>
        <parameterName>contactId</parameterName>
        <parameterType>input</parameterType>
    </mappingAttributes>
    <masterLabel>Create Booking</masterLabel>
</GenAiFunction>
