<?xml version="1.0" encoding="UTF-8" ?>
<CustomField xmlns="http://soap.sforce.com/2006/04/metadata">
    <fullName>Available_Slots__c</fullName>
    <description
    >Calculates the number of slots still available for booking by subtracting the Booked_Slots__c from the Capacity__c, offering real-time availability data.</description>
    <externalId>false</externalId>
    <formula>Capacity__c - Booked_Slots__c</formula>
    <formulaTreatBlanksAs>BlankAsZero</formulaTreatBlanksAs>
    <label>Available Slots</label>
    <precision>18</precision>
    <required>false</required>
    <scale>0</scale>
    <trackTrending>false</trackTrending>
    <type>Number</type>
    <unique>false</unique>
</CustomField>
