<?xml version="1.0" encoding="UTF-8" ?>
<CustomField xmlns="http://soap.sforce.com/2006/04/metadata">
    <fullName>Duration_Hours__c</fullName>
    <externalId>false</externalId>
    <formula>Experience__r.Duration_Hours__c</formula>
    <formulaTreatBlanksAs>BlankAsZero</formulaTreatBlanksAs>
    <label>Duration (Hours)</label>
    <precision>18</precision>
    <required>false</required>
    <scale>1</scale>
    <trackTrending>false</trackTrending>
    <type>Number</type>
    <unique>false</unique>
</CustomField>
