<?xml version="1.0" encoding="UTF-8" ?>
<CustomField xmlns="http://soap.sforce.com/2006/04/metadata">
    <fullName>End_Time__c</fullName>
    <description
    >Marks the concluding time of the experience instance, ensuring clear communication to guests about the duration of activities.</description>
    <formula
    >Start_Time__c + (Experience__r.Duration_Hours__c* 3600000)</formula>
    <formulaTreatBlanksAs>BlankAsZero</formulaTreatBlanksAs>
    <label>End Time</label>
    <required>false</required>
    <trackTrending>false</trackTrending>
    <type>Time</type>
</CustomField>
