<?xml version="1.0" encoding="UTF-8" ?>
<CustomField xmlns="http://soap.sforce.com/2006/04/metadata">
    <fullName>Experience_Name__c</fullName>
    <description>The name of the experience</description>
    <externalId>false</externalId>
    <formula>Experience__r.Name</formula>
    <formulaTreatBlanksAs>BlankAsZero</formulaTreatBlanksAs>
    <label>Experience Name</label>
    <required>false</required>
    <trackTrending>false</trackTrending>
    <type>Text</type>
    <unique>false</unique>
</CustomField>
