<?xml version="1.0" encoding="UTF-8" ?>
<Flow xmlns="http://soap.sforce.com/2006/04/metadata">
    <actionCalls>
        <name>Send_Quote_Email</name>
        <label>Send Quote Email</label>
        <locationX>176</locationX>
        <locationY>335</locationY>
        <actionName>emailSimple</actionName>
        <actionType>emailSimple</actionType>
        <flowTransactionModel>CurrentTransaction</flowTransactionModel>
        <inputParameters>
            <name>emailBody</name>
            <value>
                <stringValue>This is the quote.</stringValue>
            </value>
        </inputParameters>
        <inputParameters>
            <name>emailAddresses</name>
            <value>
                <elementReference>$Record.Email__c</elementReference>
            </value>
        </inputParameters>
        <inputParameters>
            <name>emailSubject</name>
            <value>
                <stringValue>AZ Insurance Quote</stringValue>
            </value>
        </inputParameters>
    </actionCalls>
    <apiVersion>52.0</apiVersion>
    <interviewLabel>New LWR Demo Lead {!$Flow.CurrentDateTime}</interviewLabel>
    <label>New LWR Demo Lead</label>
    <processMetadataValues>
        <name>BuilderType</name>
        <value>
            <stringValue>LightningFlowBuilder</stringValue>
        </value>
    </processMetadataValues>
    <processMetadataValues>
        <name>CanvasMode</name>
        <value>
            <stringValue>AUTO_LAYOUT_CANVAS</stringValue>
        </value>
    </processMetadataValues>
    <processMetadataValues>
        <name>OriginBuilderType</name>
        <value>
            <stringValue>LightningFlowBuilder</stringValue>
        </value>
    </processMetadataValues>
    <processType>AutoLaunchedFlow</processType>
    <start>
        <locationX>50</locationX>
        <locationY>0</locationY>
        <connector>
            <targetReference>Send_Quote_Email</targetReference>
        </connector>
        <filterLogic>and</filterLogic>
        <filters>
            <field>Status__c</field>
            <operator>EqualTo</operator>
            <value>
                <stringValue>New</stringValue>
            </value>
        </filters>
        <object>LWR_Demo_Lead__c</object>
        <recordTriggerType>Create</recordTriggerType>
        <triggerType>RecordAfterSave</triggerType>
    </start>
    <status>Active</status>
</Flow>
