{
    "components": [
        {
            "type": "DataConnection",
            "config": {
                "name": "Coral_Cloud_S3_Connection",
                "newCredentials": [
                    {
                        "paramName": "authenticationOption",
                        "value": "accessKeyAndSecret"
                    },
                    {
                        "paramName": "accessKey",
                        "value": "AKIA47CRZ7L5P7VBV3LD"
                    },
                    {
                        "paramName": "accessSecret",
                        "value": "PIVzypT/xl7EG9dwbv2tMOqoHpiPBV9AeEvZFvd9"
                    }
                ]
            }
        }
    ]
}
