<?xml version="1.0" encoding="UTF-8"?>
<FlexiPage xmlns="http://soap.sforce.com/2006/04/metadata">
    <flexiPageRegions>
        <componentInstances>
            <componentInstanceProperties>
                <name>sobject</name>
                <value>Lead</value>
            </componentInstanceProperties>
            <componentName>customerList</componentName>
        </componentInstances>
        <componentInstances>
            <componentInstanceProperties>
                <name>sobject</name>
                <value>Contact</value>
            </componentInstanceProperties>
            <componentName>customerList</componentName>
        </componentInstances>
        <name>leftColumn</name>
        <type>Region</type>
    </flexiPageRegions>
    <flexiPageRegions>
        <componentInstances>
            <componentName>reservationHelper</componentName>
        </componentInstances>
        <name>rightColumn</name>
        <type>Region</type>
    </flexiPageRegions>
    <masterLabel>Reservation Manager</masterLabel>
    <template>
        <name>appPage_2column</name>
    </template>
    <type>AppPage</type>
</FlexiPage>
