<?xml version="1.0" encoding="UTF-8"?>
<FlexiPage xmlns="http://soap.sforce.com/2006/04/metadata">
    <flexiPageRegions>
        <componentInstances>
            <componentName>reservationList</componentName>
        </componentInstances>
        <name>leftColumn</name>
        <type>Region</type>
    </flexiPageRegions>
    <flexiPageRegions>
        <componentInstances>
            <componentName>spaceDesigner</componentName>
        </componentInstances>
        <name>rightColumn</name>
        <type>Region</type>
    </flexiPageRegions>
    <masterLabel>Spaces Designer</masterLabel>
    <template>
        <name>appPage_2column</name>
    </template>
    <type>AppPage</type>
</FlexiPage>
