{
    "appPageId": "99145371-a7c0-4ca6-bf2f-708461f8d821",
    "componentName": "siteforce:sldsOneColLayout",
    "dataProviders": [],
    "id": "ab661696-53be-4597-b29f-7410c59486fa",
    "label": "Check Password",
    "regions": [
        {
            "components": [
                {
                    "componentAttributes": {
                        "richTextValue": "<div style=\"text-align: center;\"><span style=\"font-size:22px\">NOW, CHECK YOUR EMAIL</span></div>"
                    },
                    "componentName": "forceCommunity:richTextInline",
                    "id": "c15a7cd6-fcbe-462e-add6-2fc76dcfd896",
                    "renderPriority": "NEUTRAL",
                    "renditionMap": {},
                    "type": "component"
                },
                {
                    "componentAttributes": {
                        "richTextValue": "<div style=\"text-align: center;\">Check the email account associated with your user name for instructions on resetting your password. Remember to look in your spam folder, where automated messages sometimes filter.   If you still can't log in, contact your administrator.</div>"
                    },
                    "componentName": "forceCommunity:richTextInline",
                    "id": "b94c794b-a651-404d-8df2-748d1020769e",
                    "renderPriority": "NEUTRAL",
                    "renditionMap": {},
                    "type": "component"
                },
                {
                    "componentAttributes": {
                        "richTextValue": "<div style=\"text-align: center;\"><a href=\"./\">Back to login</a></div>"
                    },
                    "componentName": "forceCommunity:richTextInline",
                    "id": "d2daba84-0d7d-43ca-8941-f06e0bc309a4",
                    "renderPriority": "NEUTRAL",
                    "renditionMap": {},
                    "type": "component"
                }
            ],
            "id": "1c5fa798-984b-4cbd-a1cf-a7bdae973ae9",
            "regionName": "content",
            "type": "region"
        },
        {
            "components": [
                {
                    "componentAttributes": {
                        "customHeadTags": "",
                        "description": "",
                        "title": "Check Password"
                    },
                    "componentName": "forceCommunity:seoAssistant",
                    "id": "a05d9a0e-027a-4a2a-8850-2b68386e1a60",
                    "renditionMap": {},
                    "type": "component"
                }
            ],
            "id": "0982c286-f771-4137-9fc4-783ecfc04fe8",
            "regionName": "sfdcHiddenRegion",
            "type": "region"
        }
    ],
    "themeLayoutType": "Login",
    "type": "view",
    "viewType": "check-password"
}
