{
    "appPageId": "99145371-a7c0-4ca6-bf2f-708461f8d821",
    "componentName": "siteforce:sldsOneColLayout",
    "dataProviders": [],
    "id": "dec3d4ed-0782-494b-9242-94dafc6cba9a",
    "label": "Login Error",
    "regions": [
        {
            "id": "a692f1c8-290c-4688-9f82-811a0a8ca3dd",
            "regionName": "header",
            "type": "region"
        },
        {
            "components": [
                {
                    "componentAttributes": {
                        "richTextValue": "<div style=\"text-align: center;\">Invalid Page</div>"
                    },
                    "componentName": "forceCommunity:richTextInline",
                    "id": "8901b4bd-728f-45e7-a1f4-62cbe060f63e",
                    "renderPriority": "NEUTRAL",
                    "renditionMap": {},
                    "type": "component"
                }
            ],
            "id": "a2c98131-6d57-49e2-a68f-321cfceaa31e",
            "regionName": "content",
            "type": "region"
        },
        {
            "id": "fd193439-4e09-49c6-aec7-a6b4066802e5",
            "regionName": "footer",
            "type": "region"
        },
        {
            "components": [
                {
                    "componentAttributes": {
                        "customHeadTags": "",
                        "description": "",
                        "title": "Login Error"
                    },
                    "componentName": "forceCommunity:seoAssistant",
                    "id": "a85d92a0-314a-4ef6-8e9e-79c9adb8d207",
                    "renditionMap": {},
                    "type": "component"
                }
            ],
            "id": "b8d251f0-66cb-4155-ad1e-bf3ae381b2c8",
            "regionName": "sfdcHiddenRegion",
            "type": "region"
        }
    ],
    "themeLayoutType": "Login",
    "type": "view",
    "viewType": "login-error"
}
