{
    "appPageId": "591ae89d-97d7-4f5d-b93f-ce618e5d48f1",
    "componentName": "siteforce:sldsOneColLayout",
    "dataProviders": [],
    "id": "8e0e9453-206b-45e2-a2e9-ba0d4a6aba59",
    "label": "Too Many Requests",
    "regions": [
        {
            "components": [
                {
                    "componentAttributes": {
                        "richTextValue": "<div style='display: flex; align-items: center; flex-direction: column; margin: 60px 25px 30px 25px;'><div style='background-image: url(/sfsites/assets/Images/tooManyRequests/tooManyRequests.svg); background-size: contain; height: 350px; width: 100%; background-repeat: no-repeat; background-position: center;'></div></div><div style='margin: 0 25px; text-align: center;'><h1 class='slds-text-heading_large'>Looks like the site is experiencing higher than usual demand…</h1><p class='slds-text-heading_small'>Don't go anywhere. We'll redirect you in a moment.</p></div>"
                    },
                    "componentName": "forceCommunity:htmlBlock",
                    "id": "e8dfad69-4fb0-43b0-a53c-9b1f4d4a7138",
                    "renderPriority": "NEUTRAL",
                    "renditionMap": {},
                    "type": "component"
                },
                {
                    "componentAttributes": {},
                    "componentName": "forceCommunity:autoRefresh",
                    "id": "afffff0e-2a66-477f-aa63-b273d456fd34",
                    "renderPriority": "NEUTRAL",
                    "renditionMap": {},
                    "type": "component"
                }
            ],
            "id": "7595c07f-ccb8-473e-937d-abc45aa68e8b",
            "regionName": "content",
            "type": "region"
        }
    ],
    "themeLayoutType": "ServiceNotAvailable",
    "type": "view",
    "viewType": "too-many-requests"
}
