{
    "required": ["amount", "contactRecords"],
    "unevaluatedProperties": false,
    "properties": {
        "amount": {
            "title": "amount",
            "description": "The resort credit amount",
            "lightning:type": "lightning__numberType",
            "lightning:isPII": false,
            "copilotAction:isUserInput": false
        },
        "contactRecords": {
            "title": "contactRecords",
            "description": "The list of contacts",
            "maxItems": 2000,
            "items": {
                "lightning:type": "lightning__recordInfoType",
                "lightning:sObjectInfo": {
                    "apiName": "Contact"
                }
            },
            "lightning:type": "lightning__listType",
            "lightning:isPII": false,
            "copilotAction:isUserInput": false
        }
    },
    "lightning:type": "lightning__objectType"
}
