<?xml version="1.0" encoding="UTF-8" ?>
<CustomApplication xmlns="http://soap.sforce.com/2006/04/metadata">
    <brand>
        <headerColor>#0070D2</headerColor>
        <logo>bluecar3x</logo>
        <logoVersion>1</logoVersion>
        <shouldOverrideOrgTheme>true</shouldOverrideOrgTheme>
    </brand>
    <formFactors>Small</formFactors>
    <formFactors>Large</formFactors>
    <isNavAutoTempTabsDisabled>false</isNavAutoTempTabsDisabled>
    <isNavPersonalizationDisabled>false</isNavPersonalizationDisabled>
    <label>Redwoods Adjuster</label>
    <navType>Console</navType>
    <tabs>standard-Case</tabs>
    <uiType>Lightning</uiType>
    <utilityBar>Redwoods_Adjuster_UtilityBar</utilityBar>
    <workspaceConfig>
        <mappings>
            <tab>standard-Case</tab>
        </mappings>
    </workspaceConfig>
</CustomApplication>
