<?xml version="1.0" encoding="UTF-8" ?>
<PlatformCachePartition xmlns="http://soap.sforce.com/2006/04/metadata">
    <isDefaultPartition>false</isDefaultPartition>
    <masterLabel>default</masterLabel>
    <platformCachePartitionTypes>
        <allocatedCapacity>1</allocatedCapacity>
        <allocatedPartnerCapacity>0</allocatedPartnerCapacity>
        <allocatedPurchasedCapacity>0</allocatedPurchasedCapacity>
        <allocatedTrialCapacity>0</allocatedTrialCapacity>
        <cacheType>Organization</cacheType>
    </platformCachePartitionTypes>
    <platformCachePartitionTypes>
        <allocatedCapacity>2</allocatedCapacity>
        <allocatedPartnerCapacity>0</allocatedPartnerCapacity>
        <allocatedPurchasedCapacity>0</allocatedPurchasedCapacity>
        <allocatedTrialCapacity>0</allocatedTrialCapacity>
        <cacheType>Session</cacheType>
    </platformCachePartitionTypes>
</PlatformCachePartition>
