{
    "required": ["experienceId", "startDate"],
    "unevaluatedProperties": false,
    "properties": {
        "experienceId": {
            "title": "experienceId",
            "description": "The Id of the Experience__c. If you do not know this, use the 'Get_Experience_Details' action to get this Id from the name of the experience.",
            "lightning:type": "lightning__textType",
            "lightning:isPII": false,
            "copilotAction:isUserInput": false
        },
        "startDate": {
            "title": "startDate",
            "description": "The date that the user would like to view the Session__c for.",
            "lightning:type": "lightning__dateType",
            "lightning:isPII": false,
            "copilotAction:isUserInput": false
        }
    },
    "lightning:type": "lightning__objectType"
}
