<?xml version="1.0" encoding="UTF-8" ?>
<LightningComponentBundle xmlns="http://soap.sforce.com/2006/04/metadata">
    <apiVersion>63.0</apiVersion>
    <isExposed>true</isExposed>
    <masterLabel>Session Booking Overview</masterLabel>
    <description>Displays an overview of the booking of a session.</description>
    <targets>
        <target>lightning__RecordPage</target>
    </targets>
    <targetConfigs>
        <targetConfig targets="lightning__RecordPage">
            <objects>
              <object>Session__c</object>
            </objects>
          </targetConfig>      
    </targetConfigs>
</LightningComponentBundle>
