<?xml version="1.0" encoding="UTF-8" ?>
<CustomApplication xmlns="http://soap.sforce.com/2006/04/metadata">
    <actionOverrides>
        <actionName>View</actionName>
        <comment
        >Action override created by Lightning App Builder during activation.</comment>
        <content>Travel_Request_Record_Page</content>
        <formFactor>Large</formFactor>
        <skipRecordTypeSelect>false</skipRecordTypeSelect>
        <type>Flexipage</type>
        <pageOrSobjectType>Travel_Request__c</pageOrSobjectType>
    </actionOverrides>
    <brand>
        <headerColor>#3F0E40</headerColor>
        <logo>airplaneLogo</logo>
        <logoVersion>1</logoVersion>
        <shouldOverrideOrgTheme>false</shouldOverrideOrgTheme>
    </brand>
    <formFactors>Large</formFactors>
    <isNavAutoTempTabsDisabled>false</isNavAutoTempTabsDisabled>
    <isNavPersonalizationDisabled>false</isNavPersonalizationDisabled>
    <label>Ready To Fly</label>
    <navType>Standard</navType>
    <tabs>Travel_Request__c</tabs>
    <uiType>Lightning</uiType>
    <utilityBar>Ready_To_Fly_UtilityBar</utilityBar>
</CustomApplication>
