{
    "required": ["amount", "contactid"],
    "unevaluatedProperties": false,
    "properties": {
        "amount": {
            "title": "amount",
            "description": "The amount of the resort credit.",
            "lightning:type": "lightning__numberType",
            "lightning:isPII": false,
            "copilotAction:isUserInput": false
        },
        "contactid": {
            "title": "contactid",
            "description": "The Id of the Contact the credit will be issued to.",
            "lightning:type": "lightning__textType",
            "lightning:isPII": false,
            "copilotAction:isUserInput": false
        }
    },
    "lightning:type": "lightning__objectType"
}
