<?xml version="1.0" encoding="UTF-8" ?>
<AnimationRule xmlns="http://soap.sforce.com/2006/04/metadata">
    <animationFrequency>always</animationFrequency>
    <developerName>Claim_Management</developerName>
    <isActive>true</isActive>
    <masterLabel>Claim Management</masterLabel>
    <recordTypeContext>Master</recordTypeContext>
    <recordTypeName>__MASTER__</recordTypeName>
    <sobjectType>Case</sobjectType>
    <targetField>Status</targetField>
    <targetFieldChangeToValues>Closed</targetFieldChangeToValues>
</AnimationRule>
