<?xml version="1.0" encoding="UTF-8" ?>
<CustomField xmlns="http://soap.sforce.com/2006/04/metadata">
    <fullName>Status__c</fullName>
    <defaultValue>&quot;Available&quot;</defaultValue>
    <externalId>false</externalId>
    <label>Status</label>
    <required>false</required>
    <trackTrending>false</trackTrending>
    <type>Picklist</type>
    <valueSet>
        <restricted>true</restricted>
        <valueSetDefinition>
            <sorted>false</sorted>
            <value>
                <fullName>Available</fullName>
                <default>false</default>
                <label>Available</label>
            </value>
            <value>
                <fullName>On Hold</fullName>
                <default>false</default>
                <label>On Hold</label>
            </value>
            <value>
                <fullName>Sold</fullName>
                <default>false</default>
                <label>Sold</label>
            </value>
        </valueSetDefinition>
    </valueSet>
</CustomField>
