<?xml version="1.0" encoding="UTF-8" ?>
<Flow xmlns="http://soap.sforce.com/2006/04/metadata">
    <apiVersion>63.0</apiVersion>
    <assignments>
        <name>Assign_Created_Booking</name>
        <label>Assign Created Booking</label>
        <locationX>176</locationX>
        <locationY>350</locationY>
        <assignmentItems>
            <assignToReference>createdBooking</assignToReference>
            <operator>Assign</operator>
            <value>
                <elementReference>Get_Booking_Record</elementReference>
            </value>
        </assignmentItems>
    </assignments>
    <assignments>
        <description
        >Assign the error message to the error variable if the booking fails.</description>
        <name>Assign_Error_Message</name>
        <label>Assign Error Message</label>
        <locationX>440</locationX>
        <locationY>242</locationY>
        <assignmentItems>
            <assignToReference>errorMessage</assignToReference>
            <operator>Assign</operator>
            <value>
                <elementReference>$Flow.FaultMessage</elementReference>
            </value>
        </assignmentItems>
    </assignments>
    <description
    >Create a Booking__c record when provided the numberOfGuests, ID of the contact and
        ID of the Session__c</description>
    <environments>Default</environments>
    <interviewLabel>Create Booking {!$Flow.CurrentDateTime}</interviewLabel>
    <label>Create Booking</label>
    <processMetadataValues>
        <name>BuilderType</name>
        <value>
            <stringValue>LightningFlowBuilder</stringValue>
        </value>
    </processMetadataValues>
    <processMetadataValues>
        <name>CanvasMode</name>
        <value>
            <stringValue>AUTO_LAYOUT_CANVAS</stringValue>
        </value>
    </processMetadataValues>
    <processMetadataValues>
        <name>OriginBuilderType</name>
        <value>
            <stringValue>LightningFlowBuilder</stringValue>
        </value>
    </processMetadataValues>
    <processType>AutoLaunchedFlow</processType>
    <recordCreates>
        <description
        >Create a booking record for the related contact and experience session.</description>
        <name>Create_Booking_Record</name>
        <label>Create Booking Record</label>
        <locationX>176</locationX>
        <locationY>134</locationY>
        <connector>
            <targetReference>Get_Booking_Record</targetReference>
        </connector>
        <faultConnector>
            <targetReference>Assign_Error_Message</targetReference>
        </faultConnector>
        <inputAssignments>
            <field>Contact__c</field>
            <value>
                <elementReference>contactId</elementReference>
            </value>
        </inputAssignments>
        <inputAssignments>
            <field>Number_of_Guests__c</field>
            <value>
                <elementReference>numberOfGuests</elementReference>
            </value>
        </inputAssignments>
        <inputAssignments>
            <field>Session__c</field>
            <value>
                <elementReference>sessionId</elementReference>
            </value>
        </inputAssignments>
        <object>Booking__c</object>
        <storeOutputAutomatically>true</storeOutputAutomatically>
    </recordCreates>
    <recordLookups>
        <name>Get_Booking_Record</name>
        <label>Get Booking Record</label>
        <locationX>176</locationX>
        <locationY>242</locationY>
        <assignNullValuesIfNoRecordsFound
        >false</assignNullValuesIfNoRecordsFound>
        <connector>
            <targetReference>Assign_Created_Booking</targetReference>
        </connector>
        <filterLogic>and</filterLogic>
        <filters>
            <field>Id</field>
            <operator>EqualTo</operator>
            <value>
                <elementReference>Create_Booking_Record</elementReference>
            </value>
        </filters>
        <getFirstRecordOnly>true</getFirstRecordOnly>
        <object>Booking__c</object>
        <queriedFields>Id</queriedFields>
        <queriedFields>Experience_Name__c</queriedFields>
        <queriedFields>Date__c</queriedFields>
        <storeOutputAutomatically>true</storeOutputAutomatically>
    </recordLookups>
    <runInMode>SystemModeWithoutSharing</runInMode>
    <start>
        <locationX>50</locationX>
        <locationY>0</locationY>
        <connector>
            <targetReference>Create_Booking_Record</targetReference>
        </connector>
    </start>
    <status>Active</status>
    <variables>
        <description
        >The Id of the contact that will be used to create the related booking.</description>
        <name>contactId</name>
        <dataType>String</dataType>
        <isCollection>false</isCollection>
        <isInput>true</isInput>
        <isOutput>false</isOutput>
    </variables>
    <variables>
        <description>The booking that was created.</description>
        <name>createdBooking</name>
        <dataType>SObject</dataType>
        <isCollection>false</isCollection>
        <isInput>false</isInput>
        <isOutput>true</isOutput>
        <objectType>Booking__c</objectType>
    </variables>
    <variables>
        <description
        >The error message included if there is an error with the booking.</description>
        <name>errorMessage</name>
        <dataType>String</dataType>
        <isCollection>false</isCollection>
        <isInput>false</isInput>
        <isOutput>false</isOutput>
    </variables>
    <variables>
        <description
        >The number of guests that will be included in the booking.</description>
        <name>numberOfGuests</name>
        <dataType>Number</dataType>
        <isCollection>false</isCollection>
        <isInput>true</isInput>
        <isOutput>false</isOutput>
        <scale>0</scale>
    </variables>
    <variables>
        <description
        >The Id of the session that the contact will be booked for.</description>
        <name>sessionId</name>
        <dataType>String</dataType>
        <isCollection>false</isCollection>
        <isInput>true</isInput>
        <isOutput>false</isOutput>
    </variables>
</Flow>
