<?xml version="1.0" encoding="UTF-8" ?>
<Flow xmlns="http://soap.sforce.com/2006/04/metadata">
    <apiVersion>63.0</apiVersion>
    <assignments>
        <description
        >Assign an Experience__c record for presentation back to the user.</description>
        <name>Assign_Experience_Record</name>
        <label>Assign Experience Record</label>
        <locationX>176</locationX>
        <locationY>242</locationY>
        <assignmentItems>
            <assignToReference>experienceRecord</assignToReference>
            <operator>Assign</operator>
            <value>
                <elementReference>Get_Experience_by_Name</elementReference>
            </value>
        </assignmentItems>
    </assignments>
    <description
    >Provides details about an Experience__c that a user would like more information
        about.</description>
    <environments>Default</environments>
    <interviewLabel
    >Get Experience Details {!$Flow.CurrentDateTime}</interviewLabel>
    <label>Get Experience Details</label>
    <processMetadataValues>
        <name>BuilderType</name>
        <value>
            <stringValue>LightningFlowBuilder</stringValue>
        </value>
    </processMetadataValues>
    <processMetadataValues>
        <name>CanvasMode</name>
        <value>
            <stringValue>AUTO_LAYOUT_CANVAS</stringValue>
        </value>
    </processMetadataValues>
    <processMetadataValues>
        <name>OriginBuilderType</name>
        <value>
            <stringValue>LightningFlowBuilder</stringValue>
        </value>
    </processMetadataValues>
    <processType>AutoLaunchedFlow</processType>
    <recordLookups>
        <description>Search for available Experiences by Name.</description>
        <name>Get_Experience_by_Name</name>
        <label>Get Experience by Name</label>
        <locationX>176</locationX>
        <locationY>134</locationY>
        <assignNullValuesIfNoRecordsFound
        >false</assignNullValuesIfNoRecordsFound>
        <connector>
            <targetReference>Assign_Experience_Record</targetReference>
        </connector>
        <filterLogic>and</filterLogic>
        <filters>
            <field>Name</field>
            <operator>EqualTo</operator>
            <value>
                <elementReference>experienceName</elementReference>
            </value>
        </filters>
        <getFirstRecordOnly>true</getFirstRecordOnly>
        <object>Experience__c</object>
        <queriedFields>Id</queriedFields>
        <queriedFields>Name</queriedFields>
        <queriedFields>Description__c</queriedFields>
        <queriedFields>Activity_Level__c</queriedFields>
        <queriedFields>Type__c</queriedFields>
        <storeOutputAutomatically>true</storeOutputAutomatically>
    </recordLookups>
    <runInMode>SystemModeWithSharing</runInMode>
    <start>
        <locationX>50</locationX>
        <locationY>0</locationY>
        <connector>
            <targetReference>Get_Experience_by_Name</targetReference>
        </connector>
    </start>
    <status>Active</status>
    <variables>
        <description
        >The Name of the Experience__c that the user would like more information on.</description>
        <name>experienceName</name>
        <dataType>String</dataType>
        <isCollection>false</isCollection>
        <isInput>true</isInput>
        <isOutput>false</isOutput>
    </variables>
    <variables>
        <description
        >The Experience__C record to be summarized for the user.</description>
        <name>experienceRecord</name>
        <dataType>SObject</dataType>
        <isCollection>false</isCollection>
        <isInput>false</isInput>
        <isOutput>true</isOutput>
        <objectType>Experience__c</objectType>
    </variables>
</Flow>
