<?xml version="1.0" encoding="UTF-8" ?>
<Flow xmlns="http://soap.sforce.com/2006/04/metadata">
    <apiVersion>63.0</apiVersion>
    <description
    >Get the Sessions__c based on the provided specific Date and the Id of the
        Experience__c</description>
    <environments>Default</environments>
    <interviewLabel>Get Sessions {!$Flow.CurrentDateTime}</interviewLabel>
    <label>Get Sessions</label>
    <processMetadataValues>
        <name>BuilderType</name>
        <value>
            <stringValue>LightningFlowBuilder</stringValue>
        </value>
    </processMetadataValues>
    <processMetadataValues>
        <name>CanvasMode</name>
        <value>
            <stringValue>AUTO_LAYOUT_CANVAS</stringValue>
        </value>
    </processMetadataValues>
    <processMetadataValues>
        <name>OriginBuilderType</name>
        <value>
            <stringValue>LightningFlowBuilder</stringValue>
        </value>
    </processMetadataValues>
    <processType>AutoLaunchedFlow</processType>
    <recordLookups>
        <description
        >Get Experience Session records based on the Experience Id and the Date.</description>
        <name>Get_Sessions_by_Date</name>
        <label>Get Sessions by Date</label>
        <locationX>176</locationX>
        <locationY>134</locationY>
        <assignNullValuesIfNoRecordsFound
        >false</assignNullValuesIfNoRecordsFound>
        <filterLogic>and</filterLogic>
        <filters>
            <field>Date__c</field>
            <operator>EqualTo</operator>
            <value>
                <elementReference>startDate</elementReference>
            </value>
        </filters>
        <filters>
            <field>Experience__c</field>
            <operator>EqualTo</operator>
            <value>
                <elementReference>experienceId</elementReference>
            </value>
        </filters>
        <filters>
            <field>Available_Slots__c</field>
            <operator>GreaterThan</operator>
            <value>
                <numberValue>0.0</numberValue>
            </value>
        </filters>
        <object>Session__c</object>
        <outputReference>sessions</outputReference>
        <queriedFields>Id</queriedFields>
        <queriedFields>Start_Time__c</queriedFields>
        <queriedFields>End_Time__c</queriedFields>
        <queriedFields>Available_Slots__c</queriedFields>
    </recordLookups>
    <runInMode>SystemModeWithSharing</runInMode>
    <start>
        <locationX>50</locationX>
        <locationY>0</locationY>
        <connector>
            <targetReference>Get_Sessions_by_Date</targetReference>
        </connector>
    </start>
    <status>Active</status>
    <variables>
        <description
        >The Id of the Experience__c that you would like to check for.</description>
        <name>experienceId</name>
        <dataType>String</dataType>
        <isCollection>false</isCollection>
        <isInput>true</isInput>
        <isOutput>false</isOutput>
    </variables>
    <variables>
        <description
        >The available Session__c records for the Experience__c</description>
        <name>sessions</name>
        <dataType>SObject</dataType>
        <isCollection>true</isCollection>
        <isInput>false</isInput>
        <isOutput>true</isOutput>
        <objectType>Session__c</objectType>
    </variables>
    <variables>
        <description
        >The date that the user would like to view the Session__c for.</description>
        <name>startDate</name>
        <dataType>Date</dataType>
        <isCollection>false</isCollection>
        <isInput>true</isInput>
        <isOutput>false</isOutput>
    </variables>
</Flow>
