<?xml version="1.0" encoding="UTF-8" ?>
<CustomField xmlns="http://soap.sforce.com/2006/04/metadata">
    <fullName>Average_Room_Cost__c</fullName>
    <description
    >Copied from Data Cloud Spend Profile Calculated Insight</description>
    <externalId>false</externalId>
    <label>Average Room Cost</label>
    <precision>7</precision>
    <required>false</required>
    <scale>2</scale>
    <trackFeedHistory>false</trackFeedHistory>
    <type>Number</type>
    <unique>false</unique>
</CustomField>
