<?xml version="1.0" encoding="UTF-8" ?>
<CustomField xmlns="http://soap.sforce.com/2006/04/metadata">
    <fullName>Lifetime_Reservations__c</fullName>
    <description
    >The total lifetime reservations completed by a Guest and provided by Data Cloud</description>
    <externalId>false</externalId>
    <label>Lifetime Reservations</label>
    <precision>18</precision>
    <required>false</required>
    <scale>0</scale>
    <trackFeedHistory>false</trackFeedHistory>
    <type>Number</type>
    <unique>false</unique>
</CustomField>
