<?xml version="1.0" encoding="UTF-8" ?>
<CustomObject xmlns="http://soap.sforce.com/2006/04/metadata">
    <customSettingsType>Hierarchy</customSettingsType>
    <enableFeeds>false</enableFeeds>
    <fields>
        <fullName>Einstein_EMail__c</fullName>
        <externalId>false</externalId>
        <label>Einstein EMail</label>
        <required>false</required>
        <trackTrending>false</trackTrending>
        <type>Email</type>
        <unique>false</unique>
    </fields>
    <label>Einstein Settings</label>
    <visibility>Public</visibility>
</CustomObject>
