{
    "appPageId": "3fd94595-dce8-4901-aab5-45a5da4ee529",
    "componentName": "siteforce:sldsOneColLayout",
    "dataProviders": [],
    "id": "56fdbf76-f70a-4702-a316-7098203ba22a",
    "label": "Create Record",
    "regions": [
        {
            "id": "f680a436-9cdf-4a38-9558-a81014a7bf3a",
            "regionName": "header",
            "type": "region"
        },
        {
            "components": [
                {
                    "componentAttributes": {
                        "actionApiName": "{!actionApiName}",
                        "isMicrobatch": false
                    },
                    "componentName": "forceCommunity:createRecordForm",
                    "id": "aa2f54aa-4768-4bcf-9d86-1bc06c7c45d8",
                    "renderPriority": "NEUTRAL",
                    "renditionMap": {},
                    "type": "component"
                }
            ],
            "id": "28e8ef59-6e28-4ba0-8cba-d6f5d9ccece2",
            "regionName": "content",
            "type": "region"
        },
        {
            "id": "1a612066-e65e-4300-a6c2-5c94a650fe74",
            "regionName": "footer",
            "type": "region"
        }
    ],
    "themeLayoutType": "Inner",
    "type": "view",
    "viewType": "createrecord"
}
