{
    "appPageId": "f74cfeb9-8764-417d-8bf5-ac4536bb87fd",
    "componentName": "siteforce:sldsOneColLayout",
    "dataProviders": [],
    "id": "6b94c5d8-0d43-42ec-8c41-de1a7ee01832",
    "label": "Forgot Password",
    "regions": [
        {
            "components": [
                {
                    "componentAttributes": {
                        "richTextValue": "<div style=\"text-align: center;\"><span class=\"inverseTextColor\" style=\"font-size:22px\">PASSWORD RESET</span></div>"
                    },
                    "componentName": "forceCommunity:richTextInline",
                    "id": "9b7d0f2d-5253-4430-ac2c-a41bbd084578",
                    "renderPriority": "NEUTRAL",
                    "renditionMap": {},
                    "type": "component"
                },
                {
                    "componentAttributes": {
                        "richTextValue": "<div class=\"inverseTextColor\" style=\"text-align: center;\">To reset your password, we'll need your username.<br/> We'll send password reset instructions to the email address associated with your account.</div>"
                    },
                    "componentName": "forceCommunity:richTextInline",
                    "id": "1effd386-8b02-43b4-bd58-c26cd3116a45",
                    "renderPriority": "NEUTRAL",
                    "renditionMap": {},
                    "type": "component"
                },
                {
                    "componentAttributes": {
                        "checkEmailUrl": "./CheckPasswordResetEmail",
                        "submitButtonLabel": "Reset Password",
                        "usernameLabel": "Username"
                    },
                    "componentName": "salesforceIdentity:forgotPassword2",
                    "id": "97764bf5-47c3-4070-8ba1-3492ce1876af",
                    "renderPriority": "NEUTRAL",
                    "renditionMap": {},
                    "type": "component"
                },
                {
                    "componentAttributes": {
                        "richTextValue": "<div style=\"text-align: center;\"><a class=\"inverseTextColor\" href=\"./\">Cancel</a></div>"
                    },
                    "componentName": "forceCommunity:richTextInline",
                    "id": "9e9c88d4-4626-4e4c-83d9-8b9bdac71f2c",
                    "renderPriority": "NEUTRAL",
                    "renditionMap": {},
                    "type": "component"
                }
            ],
            "id": "628989c2-ac0c-4706-bffa-e8ab22b48794",
            "regionName": "content",
            "type": "region"
        },
        {
            "components": [
                {
                    "componentAttributes": {
                        "customHeadTags": "",
                        "description": "",
                        "title": "Forgot Password"
                    },
                    "componentName": "forceCommunity:seoAssistant",
                    "id": "e0f975c8-afd5-470b-9cf6-2792ae7f7b49",
                    "renditionMap": {},
                    "type": "component"
                }
            ],
            "id": "adc69162-ed9c-467a-955e-c3c36e29e11c",
            "regionName": "sfdcHiddenRegion",
            "type": "region"
        }
    ],
    "themeLayoutType": "Login",
    "type": "view",
    "viewType": "forgot-password"
}
