{
    "appPageId": "3fd94595-dce8-4901-aab5-45a5da4ee529",
    "componentName": "siteforce:sldsOneColLayout",
    "dataProviders": [],
    "id": "205402c7-5773-4ac2-96a1-13dd0ea2f8f1",
    "label": "Home",
    "regions": [
        {
            "components": [
                {
                    "componentAttributes": {},
                    "componentName": "c:siteHeader",
                    "id": "c4769910-c5ef-4c25-804d-090a47ece509",
                    "renderPriority": "NEUTRAL",
                    "renditionMap": {},
                    "type": "component"
                },
                {
                    "componentAttributes": {
                        "richTextValue": "<div class=\"slds-grid slds-wrap jumbotron\">\n    <div class=\"slds-align_absolute-center slds-p-top_x-large slds-p-bottom_x-large\">\n        <div class=\"slds-size_2-of-3\">\n            <div class=\"slds-text-body_medium slds-text-align_center\" style=\"font-weight:bold; font-size:40px\">Welcome to Coral Cloud Resort, your ultimate tropical escape nestled in the heart of paradise.</div>\n        </div>\n    </div>\n</div>"
                    },
                    "componentName": "forceCommunity:htmlBlock",
                    "id": "7ee3dc48-eb8e-4c83-9dbc-11a85cbbfcd9",
                    "renderPriority": "NEUTRAL",
                    "renditionMap": {},
                    "type": "component"
                },
                {
                    "componentAttributes": {
                        "richTextValue": "<div class=\"slds-grid slds-wrap\">\n    <div class=\"slds-align_absolute-center slds-p-top_x-large slds-p-bottom_x-large\">\n        <div class=\"slds-size_2-of-3\">\n            <div class=\"slds-text-heading_medium slds-text-align_center\" style=\"font-weight:bold; font-size:32px\">Book an Experience of a Lifetime</div>\n            <div class=\"slds-text-body_regular slds-text-align_center\" style=\"font-size:20px\">At Coral Cloud Resorts, you'll uncover a deep connection to the land, the rich history, and the vibrant culture of our unique coastal sanctuary. Embrace the breathtaking natural beauty and the warm, welcoming community that makes this place truly special. Each day is an opportunity for new discoveries and soul-enriching experiences, inviting you to explore the rare and remarkable depths of this extraordinary coastline.</div>\n        </div>\n    </div>\n</div>"
                    },
                    "componentName": "forceCommunity:htmlBlock",
                    "id": "cc2bb665-8067-46bc-aa00-f77482158a18",
                    "renderPriority": "NEUTRAL",
                    "renditionMap": {},
                    "type": "component"
                }
            ],
            "id": "9db4e23a-110a-460b-9b66-15d5edc64802",
            "regionName": "header",
            "type": "region"
        },
        {
            "components": [
                {
                    "componentAttributes": {},
                    "componentName": "c:siteExperiences",
                    "id": "4f94780d-7615-4843-84c4-1c468f219966",
                    "renderPriority": "NEUTRAL",
                    "renditionMap": {},
                    "type": "component"
                }
            ],
            "id": "0cee07cb-fdfc-4d06-91cb-407e52bab90c",
            "regionName": "content",
            "type": "region"
        },
        {
            "components": [
                {
                    "componentAttributes": {},
                    "componentName": "c:siteFooter",
                    "id": "5dbd86b1-ac96-45cf-a6db-cb60c567f353",
                    "renderPriority": "NEUTRAL",
                    "renditionMap": {},
                    "type": "component"
                }
            ],
            "id": "46007eca-e1cd-41ef-a47e-75dcd3cbec61",
            "regionName": "footer",
            "type": "region"
        },
        {
            "components": [
                {
                    "componentAttributes": {
                        "customHeadTags": "",
                        "description": "",
                        "title": "Home"
                    },
                    "componentName": "forceCommunity:seoAssistant",
                    "id": "60ea5b0a-0500-4e17-bbcd-692f29c3f40a",
                    "renditionMap": {},
                    "type": "component"
                }
            ],
            "id": "0d873c57-9524-44af-af8f-d682bc4b98e9",
            "regionName": "sfdcHiddenRegion",
            "type": "region"
        },
        {
            "id": "8a60e731-ab40-429d-a544-0a2cdd331c6e",
            "regionName": "sidebar",
            "type": "region"
        }
    ],
    "themeLayoutType": "Inner",
    "type": "view",
    "viewType": "home"
}
