{
    "appPageId": "f74cfeb9-8764-417d-8bf5-ac4536bb87fd",
    "componentName": "siteforce:sldsOneColLayout",
    "dataProviders": [],
    "id": "5550d643-df06-46e6-9530-a3689a3ed592",
    "label": "Login Error",
    "regions": [
        {
            "id": "a42522d4-73d7-4a61-b2ad-348762a77887",
            "regionName": "header",
            "type": "region"
        },
        {
            "components": [
                {
                    "componentAttributes": {
                        "richTextValue": "<div class=\"inverseTextColor\" style=\"text-align: center;\">Invalid Page</div>"
                    },
                    "componentName": "forceCommunity:richTextInline",
                    "id": "71cd0343-6c51-4c48-acff-7a87291db0c9",
                    "renderPriority": "NEUTRAL",
                    "renditionMap": {},
                    "type": "component"
                }
            ],
            "id": "481db556-3240-4349-a693-760e35323108",
            "regionName": "content",
            "type": "region"
        },
        {
            "id": "61cabe55-3d8f-4f3a-ae65-88c90480a399",
            "regionName": "footer",
            "type": "region"
        },
        {
            "components": [
                {
                    "componentAttributes": {
                        "customHeadTags": "",
                        "description": "",
                        "title": "Login Error"
                    },
                    "componentName": "forceCommunity:seoAssistant",
                    "id": "9d9fb12a-3277-4d67-95c1-e69b3ba39d84",
                    "renditionMap": {},
                    "type": "component"
                }
            ],
            "id": "074e2ea3-d298-4994-b758-19dba0a8036d",
            "regionName": "sfdcHiddenRegion",
            "type": "region"
        }
    ],
    "themeLayoutType": "Login",
    "type": "view",
    "viewType": "login-error"
}
