{
    "appPageId": "3fd94595-dce8-4901-aab5-45a5da4ee529",
    "componentName": "siteforce:sldsOneColLayout",
    "dataProviders": [],
    "id": "d0315c7d-9c06-42c1-bd6e-34a6cb09a57c",
    "label": "Record List",
    "regions": [
        {
            "id": "3698966b-c220-4bec-9df0-508269357523",
            "regionName": "header",
            "type": "region"
        },
        {
            "components": [
                {
                    "componentAttributes": {
                        "enableInlineEdit": true,
                        "filterName": "{!filterId}",
                        "layout": "FULL",
                        "pageSize": 25,
                        "scope": "{!objectName}",
                        "showActionBar": true,
                        "showChartsPanel": true,
                        "showDisplay": "showall",
                        "showFilterPanel": true,
                        "showImageIcon": true,
                        "showManualRefreshButton": true,
                        "showObjectName": true,
                        "showPinnedList": true,
                        "showSearchBar": true
                    },
                    "componentName": "forceCommunity:objectHome",
                    "id": "4d66fb82-ffbc-43df-b965-e3e148f9a544",
                    "renderPriority": "NEUTRAL",
                    "renditionMap": {},
                    "type": "component"
                }
            ],
            "id": "3555afb8-5f01-43fd-b933-65fc28dc210a",
            "regionName": "content",
            "type": "region"
        },
        {
            "id": "2cfef4c6-7ba9-4e11-8c28-04f5380ff1df",
            "regionName": "footer",
            "type": "region"
        }
    ],
    "themeLayoutType": "Inner",
    "type": "view",
    "viewType": "list"
}
