{
    "appPageId": "f74cfeb9-8764-417d-8bf5-ac4536bb87fd",
    "componentName": "siteforce:sldsOneColLayout",
    "dataProviders": [],
    "id": "eb8579de-d6ee-4c94-a269-4b0564ec1ab7",
    "label": "Register",
    "regions": [
        {
            "components": [
                {
                    "componentAttributes": {},
                    "componentName": "salesforceIdentity:communityLogo2",
                    "id": "cd0ba1e6-d583-4504-99a2-11083abf73df",
                    "renderPriority": "NEUTRAL",
                    "renditionMap": {},
                    "type": "component"
                },
                {
                    "componentAttributes": {
                        "richTextValue": "<div style=\"text-align: center;\" class=\"inverseTextColor\">Join the community to receive personalized information and customer support.</div>"
                    },
                    "componentName": "forceCommunity:richTextInline",
                    "id": "58a9d27d-1d58-44c5-aaaf-4899bab2b2be",
                    "renderPriority": "NEUTRAL",
                    "renditionMap": {},
                    "type": "component"
                },
                {
                    "componentAttributes": {
                        "confirmPasswordLabel": "Confirm Password",
                        "emailLabel": "Email",
                        "extraFieldsFieldSet": "",
                        "firstnameLabel": "First Name",
                        "includePasswordField": false,
                        "lastnameLabel": "Last Name",
                        "passwordLabel": "Create Password",
                        "regConfirmUrl": "./CheckPasswordResetEmail",
                        "startUrl": "",
                        "submitButtonLabel": "Sign Up"
                    },
                    "componentName": "salesforceIdentity:selfRegister2",
                    "id": "27a817e3-3392-4db7-8752-f46e48001058",
                    "renderPriority": "NEUTRAL",
                    "renditionMap": {},
                    "type": "component"
                },
                {
                    "componentAttributes": {
                        "headerText": "",
                        "showHeader": false,
                        "useCommunityDomainSso": true
                    },
                    "componentName": "salesforceIdentity:socialLogin2",
                    "id": "a34cd27b-77c0-46e0-85cd-c1de569dddac",
                    "renderPriority": "NEUTRAL",
                    "renditionMap": {},
                    "type": "component"
                },
                {
                    "componentAttributes": {
                        "richTextValue": "<div style=\"text-align: center;\"><a class=\"inverseTextColor\" href=\"./\">Already have an account?</a></div>"
                    },
                    "componentName": "forceCommunity:richTextInline",
                    "id": "f6ddf725-51dd-44c6-87d6-6cf5ebd92690",
                    "renderPriority": "NEUTRAL",
                    "renditionMap": {},
                    "type": "component"
                }
            ],
            "id": "eed7a47e-ca2b-4e82-9c9e-44a5f16c14b9",
            "regionName": "content",
            "type": "region"
        },
        {
            "components": [
                {
                    "componentAttributes": {
                        "customHeadTags": "",
                        "description": "",
                        "title": "Register"
                    },
                    "componentName": "forceCommunity:seoAssistant",
                    "id": "3f69a7a2-c732-49c0-851a-69bb2248e51c",
                    "renditionMap": {},
                    "type": "component"
                }
            ],
            "id": "21082210-2df3-43ee-94a1-dcfbab71f1ea",
            "regionName": "sfdcHiddenRegion",
            "type": "region"
        }
    ],
    "themeLayoutType": "Login",
    "type": "view",
    "viewType": "self-register"
}
