{
    "appPageId": "3fd94595-dce8-4901-aab5-45a5da4ee529",
    "componentName": "siteforce:sldsOneColLayout",
    "dataProviders": [],
    "id": "10a2f67c-5157-475e-97de-ca7dd1b8e35f",
    "label": "Related Record List",
    "regions": [
        {
            "id": "de8ef346-c941-44fa-85fd-451a0ee1c0b1",
            "regionName": "header",
            "type": "region"
        },
        {
            "components": [
                {
                    "componentAttributes": {
                        "customTitle": "",
                        "parentRecordId": "{!recordId}",
                        "relatedListName": "{!relationshipApiName}",
                        "showBreadCrumbs": true,
                        "showCustomTitle": false,
                        "showManualRefreshButton": true,
                        "showRowNumbers": true
                    },
                    "componentName": "forceCommunity:relatedList",
                    "id": "8df31348-5d86-492d-a78a-bbbd97776d67",
                    "renderPriority": "NEUTRAL",
                    "renditionMap": {},
                    "type": "component"
                }
            ],
            "id": "a4026af0-07b9-49e4-bfc0-c2be4f16f8af",
            "regionName": "content",
            "type": "region"
        },
        {
            "id": "8d8c282a-24a5-4e2d-a804-16ad05ee9236",
            "regionName": "footer",
            "type": "region"
        }
    ],
    "themeLayoutType": "Inner",
    "type": "view",
    "viewType": "relatedlist"
}
