{
    "appPageId": "3fd94595-dce8-4901-aab5-45a5da4ee529",
    "componentName": "siteforce:sldsOneColLayout",
    "dataProviders": [],
    "id": "fed6e1c8-62ee-4d08-8df8-55f258dbb744",
    "label": "Too Many Requests",
    "regions": [
        {
            "components": [
                {
                    "componentAttributes": {
                        "richTextValue": "<div style='display: flex; align-items: center; flex-direction: column; margin: 60px 25px 30px 25px;'><div style='background-image: url(/sfsites/assets/Images/tooManyRequests/tooManyRequests.svg); background-size: contain; height: 350px; width: 100%; background-repeat: no-repeat; background-position: center;'></div></div><div style='margin: 0 25px; text-align: center;'><h1 class='slds-text-heading_large'>Looks like the site is experiencing higher than usual demand…</h1><p class='slds-text-heading_small'>Don't go anywhere. We'll redirect you in a moment.</p></div>"
                    },
                    "componentName": "forceCommunity:htmlBlock",
                    "id": "d02ccf31-8157-4ecc-8c29-55d8f6ef7755",
                    "renderPriority": "NEUTRAL",
                    "renditionMap": {},
                    "type": "component"
                },
                {
                    "componentAttributes": {},
                    "componentName": "forceCommunity:autoRefresh",
                    "id": "6295c135-59f5-48e8-886c-d3107dbb5802",
                    "renderPriority": "NEUTRAL",
                    "renditionMap": {},
                    "type": "component"
                }
            ],
            "id": "d207c3e9-3f1b-4a57-8cce-c2613a52e85b",
            "regionName": "content",
            "type": "region"
        }
    ],
    "themeLayoutType": "ServiceNotAvailable",
    "type": "view",
    "viewType": "too-many-requests"
}
