{
  "packageDirectories": [
    {
      "path": "cc-base-app",
      "default": true,
      "package": "Coral Cloud - Base",
      "versionName": "Winter '25 release",
      "versionDescription": "Base package for the Coral Cloud sample app",
      "versionNumber": "1.14.0.NEXT",
      "definitionFile": "config/cc-base-project-scratch-def.json",
      "apexTestAccess": {
        "permissionSets": [
          "Coral_Cloud"
        ]
      }
    },
    {
      "path": "cc-site",
      "default": false,
      "package": "Coral Cloud - Site",
      "versionName": "Winter '25 release",
      "versionDescription": "Coral Cloud Experience Cloud site",
      "versionNumber": "1.7.0.NEXT",
      "definitionFile": "config/cc-base-project-scratch-def.json",
      "dependencies": [
        {
          "package": "Coral Cloud - Base",
          "versionNumber": "1.12.0.LATEST"
        }
      ]
    },
    {
      "path": "cc-employee-app"
    },
    {
      "path": "cc-service-app"
    }
  ],
  "name": "Coral Cloud Resorts",
  "namespace": "",
  "sfdcLoginUrl": "https://login.salesforce.com",
  "sourceApiVersion": "63.0",
  "packageAliases": {
    "Coral Cloud - Base": "0HoWx00000000mPKAQ",
    "Coral Cloud - Site": "0HoWx00000001ddKAA",
    "Coral Cloud - Base@1.11.0-1": "04tWx0000001aXhIAI",
    "Coral Cloud - Site@1.5.0-1": "04tWx0000001aZJIAY",
    "Coral Cloud - Site@1.6.0-1": "04tWx0000001eOPIAY",
    "Coral Cloud - Base@1.12.0-1": "04tWx0000001fnVIAQ",
    "Coral Cloud - Site@1.7.0-1": "04tWx0000001fqjIAA",
    "Coral Cloud - Base@1.13.0-1": "04tWx0000001mDtIAI",
    "Coral Cloud - Base@1.14.0-2": "04tWx0000001taLIAQ"
  },
  "replacements": [
    {
      "filename": "cc-service-app/main/default/digitalExperiences/site/coral_cloud1/sfdc_cms__view/home/content.json",
      "stringToReplace": "%%SF_CC_PLACEHOLDER_DOMAIN%%",
      "replaceWithEnv": "SF_CC_PLACEHOLDER_DOMAIN"
    },
    {
      "filename": "cc-service-app/main/default/bots/Coral_Cloud_Agent/Coral_Cloud_Agent.bot-meta.xml",
      "stringToReplace": "%%SF_CC_PLACEHOLDER_USERNAME%%",
      "replaceWithEnv": "SF_CC_PLACEHOLDER_USERNAME"
    },
    {
      "filename": "cc-service-app/main/setup/classes/SetupServiceAgentUser.cls",
      "stringToReplace": "%%SF_CC_PLACEHOLDER_USERNAME%%",
      "replaceWithEnv": "SF_CC_PLACEHOLDER_USERNAME"
    },
    {
      "glob": "cc-service-app/**/networks/*.xml",
      "stringToReplace": "%%SF_CC_PLACEHOLDER_USERNAME%%",
      "replaceWithEnv": "SF_CC_PLACEHOLDER_USERNAME"
    },
    {
      "filename": "cc-service-app/main/default/flows/Route_to_Agent.flow-meta.xml",
      "stringToReplace": "%%SF_CC_PLACEHOLDER_FLOW_AGENT_ID%%",
      "replaceWithEnv": "SF_CC_PLACEHOLDER_FLOW_AGENT_ID"
    },
    {
      "filename": "cc-service-app/main/default/flows/Route_to_Agent.flow-meta.xml",
      "stringToReplace": "%%SF_CC_PLACEHOLDER_FLOW_CHANNEL_ID%%",
      "replaceWithEnv": "SF_CC_PLACEHOLDER_FLOW_CHANNEL_ID"
    },
    {
      "filename": "cc-service-app/main/default/flows/Route_to_Agent.flow-meta.xml",
      "stringToReplace": "%%SF_CC_PLACEHOLDER_FLOW_QUEUE_ID%%",
      "replaceWithEnv": "SF_CC_PLACEHOLDER_FLOW_QUEUE_ID"
    },
    {
      "filename": "cc-service-app/main/default/flows/Route_to_Queue.flow-meta.xml",
      "stringToReplace": "%%SF_CC_PLACEHOLDER_FLOW_CHANNEL_ID%%",
      "replaceWithEnv": "SF_CC_PLACEHOLDER_FLOW_CHANNEL_ID"
    },
    {
      "filename": "cc-service-app/main/default/flows/Route_to_Queue.flow-meta.xml",
      "stringToReplace": "%%SF_CC_PLACEHOLDER_FLOW_QUEUE_ID%%",
      "replaceWithEnv": "SF_CC_PLACEHOLDER_FLOW_QUEUE_ID"
    }
  ]
}