<?xml version="1.0" encoding="UTF-8" ?>
<LightningComponentBundle
    xmlns="http://soap.sforce.com/2006/04/metadata"
    fqn="incidentMap"
>
  <apiVersion>54.0</apiVersion>
  <isExposed>true</isExposed>
  <masterLabel>Incident Map</masterLabel>
  <description>Shows a map of where the incident occured</description>
  <targets>
    <target>lightning__RecordPage</target>
  </targets>
  <targetConfigs>
    <targetConfig targets="lightning__RecordPage">
      <objects>
        <object>Case</object>
      </objects>
    </targetConfig>
  </targetConfigs>
</LightningComponentBundle>
