{
  "status": 0,
  "result": {
    "nodes": [
      {
        "id": "01r0R0000005yGtQAI",
        "name": "Apex_Recipes",
        "type": "CustomTab",
        "parent": ""
      },
      {
        "id": "0M00R000000DiF4SAK",
        "name": "Apex_Recipes",
        "type": "FlexiPage",
        "parent": ""
      },
      {
        "id": "00h0R000002zt1JQAQ",
        "name": "Log Event Layout",
        "type": "Layout",
        "parent": ""
      },
      {
        "id": "00N0R00000H4ZnTUAV",
        "name": "Request_Id",
        "type": "CustomField",
        "parent": "undefined."
      },
      {
        "id": "00N0R00000H4ZnJUAV",
        "name": "Severity",
        "type": "CustomField",
        "parent": "undefined."
      },
      {
        "id": "00N0R00000H4ZnEUAV",
        "name": "Quiddity",
        "type": "CustomField",
        "parent": "undefined."
      },
      {
        "id": "00N0R00000H4ZmaUAF",
        "name": "Log_Data",
        "type": "CustomField",
        "parent": "undefined."
      },
      {
        "id": "00h0R0000032WWMQA2",
        "name": "Campaign Layout",
        "type": "Layout",
        "parent": ""
      },
      {
        "id": "00b0R000002g2wzQAA",
        "name": "View Campaign Influence Report",
        "type": "WebLink",
        "parent": ""
      },
      {
        "id": "01p0R00000CJunqQAD",
        "name": "AccountServiceLayer",
        "type": "ApexClass",
        "parent": ""
      },
      {
        "id": "01p0R00000CJuoSQAT",
        "name": "CanTheUser",
        "type": "ApexClass",
        "parent": ""
      },
      {
        "id": "Account",
        "name": "Account",
        "type": "StandardEntity",
        "parent": ""
      },
      {
        "id": "01p0R00000CJunrQAD",
        "name": "AccountServiceLayer_Tests",
        "type": "ApexClass",
        "parent": ""
      },
      {
        "id": "01p0R00000CJupKQAT",
        "name": "TestFactory",
        "type": "ApexClass",
        "parent": ""
      },
      {
        "id": "01p0R00000CJupLQAT",
        "name": "TriggerHandler",
        "type": "ApexClass",
        "parent": ""
      },
      {
        "id": "User",
        "name": "User",
        "type": "User",
        "parent": ""
      },
      {
        "id": "01p0R00000CJunsQAD",
        "name": "AccountTriggerHandler",
        "type": "ApexClass",
        "parent": ""
      },
      {
        "id": "Task",
        "name": "Task",
        "type": "StandardEntity",
        "parent": ""
      },
      {
        "id": "01p0R00000CJuntQAD",
        "name": "AccountTriggerHandler_Tests",
        "type": "ApexClass",
        "parent": ""
      },
      {
        "id": "01p0R00000CJunuQAD",
        "name": "ApexClassUtilities",
        "type": "ApexClass",
        "parent": ""
      },
      {
        "id": "ApexClass",
        "name": "ApexClass",
        "type": "ApexClass",
        "parent": ""
      },
      {
        "id": "01p0R00000CJunvQAD",
        "name": "ApexClassUtilities_Tests",
        "type": "ApexClass",
        "parent": ""
      },
      {
        "id": "01p0R00000CJunwQAD",
        "name": "ApiServiceRecipes",
        "type": "ApexClass",
        "parent": ""
      },
      {
        "id": "01p0R00000CJunxQAD",
        "name": "ApiServiceRecipesDataModel",
        "type": "ApexClass",
        "parent": ""
      },
      {
        "id": "01p0R00000CJup7QAD",
        "name": "RestClient",
        "type": "ApexClass",
        "parent": ""
      },
      {
        "id": "01p0R00000CJunyQAD",
        "name": "ApiServiceRecipesDataModel_Tests",
        "type": "ApexClass",
        "parent": ""
      },
      {
        "id": "01p0R00000CJunzQAD",
        "name": "ApiServiceRecipes_Tests",
        "type": "ApexClass",
        "parent": ""
      },
      {
        "id": "01p0R00000CJuoiQAD",
        "name": "HttpCalloutMockFactory",
        "type": "ApexClass",
        "parent": ""
      },
      {
        "id": "01p0R00000CJuo6QAD",
        "name": "AtFutureRecipes_Tests",
        "type": "ApexClass",
        "parent": ""
      },
      {
        "id": "01p0R00000CJuo5QAD",
        "name": "AtFutureRecipes",
        "type": "ApexClass",
        "parent": ""
      },
      {
        "id": "01p0R00000CJuo7QAD",
        "name": "AuraEnabledRecipes",
        "type": "ApexClass",
        "parent": ""
      },
      {
        "id": "01p0R00000CJuo8QAD",
        "name": "AuraEnabledRecipes_Tests",
        "type": "ApexClass",
        "parent": ""
      },
      {
        "id": "01p0R00000CJuo9QAD",
        "name": "BatchApexRecipes",
        "type": "ApexClass",
        "parent": ""
      },
      {
        "id": "01p0R00000CJuoPQAT",
        "name": "BatchApexRecipes_Tests",
        "type": "ApexClass",
        "parent": ""
      },
      {
        "id": "01p0R00000CJuoQQAT",
        "name": "CalloutRecipes",
        "type": "ApexClass",
        "parent": ""
      },
      {
        "id": "00N0R00000Go8k4UAB",
        "name": "ExternalSalesforceId",
        "type": "CustomField",
        "parent": "undefined."
      },
      {
        "id": "Contact",
        "name": "Contact",
        "type": "StandardEntity",
        "parent": ""
      },
      {
        "id": "01p0R00000CJuoRQAT",
        "name": "CalloutRecipes_Tests",
        "type": "ApexClass",
        "parent": ""
      },
      {
        "id": "01p0R00000CJuorQAD",
        "name": "PlatformCacheRecipes",
        "type": "ApexClass",
        "parent": ""
      },
      {
        "id": "FieldPermissions",
        "name": "FieldPermissions",
        "type": "StandardEntity",
        "parent": ""
      },
      {
        "id": "01p0R00000CJuoTQAT",
        "name": "CanTheUser_Tests",
        "type": "ApexClass",
        "parent": ""
      },
      {
        "id": "01p0R00000CJuoVQAT",
        "name": "CollectionUtils_Tests",
        "type": "ApexClass",
        "parent": ""
      },
      {
        "id": "01p0R00000CJuoUQAT",
        "name": "CollectionUtils",
        "type": "ApexClass",
        "parent": ""
      },
      {
        "id": "01p0R00000CJuoWQAT",
        "name": "CustomRestEndpointRecipes",
        "type": "ApexClass",
        "parent": ""
      },
      {
        "id": "00N0R00000Go8k5UAB",
        "name": "ExternalSalesforceId",
        "type": "CustomField",
        "parent": "undefined."
      },
      {
        "id": "01p0R00000CJuoXQAT",
        "name": "CustomRestEndpointRecipes_Tests",
        "type": "ApexClass",
        "parent": ""
      },
      {
        "id": "01p0R00000CJuoYQAT",
        "name": "DMLRecipes",
        "type": "ApexClass",
        "parent": ""
      },
      {
        "id": "01p0R00000CJuoZQAT",
        "name": "DMLRecipes_Tests",
        "type": "ApexClass",
        "parent": ""
      },
      {
        "id": "01p0R00000CJupJQAT",
        "name": "TestDataHelpers",
        "type": "ApexClass",
        "parent": ""
      },
      {
        "id": "01p0R00000CJuoaQAD",
        "name": "DataFactoryForPackageInstalls",
        "type": "ApexClass",
        "parent": ""
      },
      {
        "id": "00N0R00000Go8k2UAB",
        "name": "parent1",
        "type": "CustomField",
        "parent": "undefined."
      },
      {
        "id": "00N0R00000Go8k3UAB",
        "name": "Parent2",
        "type": "CustomField",
        "parent": "undefined."
      },
      {
        "id": "01I0R000001BGZFUA4",
        "name": "Junction_Demo_1",
        "type": "CustomObject",
        "parent": ""
      },
      {
        "id": "01I0R000001BGZGUA4",
        "name": "Junction_Demo_2",
        "type": "CustomObject",
        "parent": ""
      },
      {
        "id": "01I0R000001BGZHUA4",
        "name": "Junction",
        "type": "CustomObject",
        "parent": ""
      },
      {
        "id": "01p0R00000CJuobQAD",
        "name": "DataFactoryForPackageInstalls_Tests",
        "type": "ApexClass",
        "parent": ""
      },
      {
        "id": "01p0R00000CJuocQAD",
        "name": "DynamicSOQLRecipes",
        "type": "ApexClass",
        "parent": ""
      },
      {
        "id": "01p0R00000CJuodQAD",
        "name": "DynamicSOQLRecipes_Tests",
        "type": "ApexClass",
        "parent": ""
      },
      {
        "id": "01p0R00000CJuoeQAD",
        "name": "FilesRecipes",
        "type": "ApexClass",
        "parent": ""
      },
      {
        "id": "ContentDistribution",
        "name": "ContentDistribution",
        "type": "StandardEntity",
        "parent": ""
      },
      {
        "id": "ContentDocument",
        "name": "ContentDocument",
        "type": "StandardEntity",
        "parent": ""
      },
      {
        "id": "ContentDocumentLink",
        "name": "ContentDocumentLink",
        "type": "StandardEntity",
        "parent": ""
      },
      {
        "id": "ContentVersion",
        "name": "ContentVersion",
        "type": "StandardEntity",
        "parent": ""
      },
      {
        "id": "01p0R00000CJuofQAD",
        "name": "FilesRecipes_Tests",
        "type": "ApexClass",
        "parent": ""
      },
      {
        "id": "StaticResource",
        "name": "StaticResource",
        "type": "StaticResource",
        "parent": ""
      },
      {
        "id": "01p0R00000CJuogQAD",
        "name": "FormattedRecipeDisplayController",
        "type": "ApexClass",
        "parent": ""
      },
      {
        "id": "01p0R00000CJuohQAD",
        "name": "FormattedRecipeDisplayController_Tests",
        "type": "ApexClass",
        "parent": ""
      },
      {
        "id": "01p0R00000CJuojQAD",
        "name": "InvocableMethodRecipes",
        "type": "ApexClass",
        "parent": ""
      },
      {
        "id": "01p0R00000CJuokQAD",
        "name": "InvocableMethodRecipes_Tests",
        "type": "ApexClass",
        "parent": ""
      },
      {
        "id": "01p0R00000CJuolQAD",
        "name": "MetadataCatalogRecipes",
        "type": "ApexClass",
        "parent": ""
      },
      {
        "id": "EntityDefinition",
        "name": "EntityDefinition",
        "type": "StandardEntity",
        "parent": ""
      },
      {
        "id": "FieldDefinition",
        "name": "FieldDefinition",
        "type": "StandardEntity",
        "parent": ""
      },
      {
        "id": "01p0R00000CJuomQAD",
        "name": "MetadataCatalogRecipes_Tests",
        "type": "ApexClass",
        "parent": ""
      },
      {
        "id": "01p0R00000CJuonQAD",
        "name": "OrderAppMenu",
        "type": "ApexClass",
        "parent": ""
      },
      {
        "id": "AppMenuItem",
        "name": "AppMenuItem",
        "type": "StandardEntity",
        "parent": ""
      },
      {
        "id": "01p0R00000CJuooQAD",
        "name": "OrderAppMenu_Tests",
        "type": "ApexClass",
        "parent": ""
      },
      {
        "id": "01p0R00000CJuopQAD",
        "name": "PlatformCacheBuilderRecipes",
        "type": "ApexClass",
        "parent": ""
      },
      {
        "id": "01p0R00000CJuoqQAD",
        "name": "PlatformCacheBuilderRecipes_Tests",
        "type": "ApexClass",
        "parent": ""
      },
      {
        "id": "01p0R00000CJuosQAD",
        "name": "PlatformCacheRecipes_Tests",
        "type": "ApexClass",
        "parent": ""
      },
      {
        "id": "01p0R00000CJuotQAD",
        "name": "PlatformEventRecipes",
        "type": "ApexClass",
        "parent": ""
      },
      {
        "id": "01I0R000001BGZEUA4",
        "name": "Event_Recipes_Demo",
        "type": "CustomObject",
        "parent": ""
      },
      {
        "id": "01p0R00000CJuouQAD",
        "name": "PlatformEventRecipesTriggerHandler",
        "type": "ApexClass",
        "parent": ""
      },
      {
        "id": "00N0R00000Go8k6UAB",
        "name": "accountId",
        "type": "CustomField",
        "parent": "undefined."
      },
      {
        "id": "00N0R00000Go8k8UAB",
        "name": "url",
        "type": "CustomField",
        "parent": "undefined."
      },
      {
        "id": "01p0R00000CJuovQAD",
        "name": "PlatformEventRecipesTriggerHandler_Tests",
        "type": "ApexClass",
        "parent": ""
      },
      {
        "id": "00N0R00000Go8k7UAB",
        "name": "title",
        "type": "CustomField",
        "parent": "undefined."
      },
      {
        "id": "01p0R00000CJuowQAD",
        "name": "PlatformEventRecipes_Tests",
        "type": "ApexClass",
        "parent": ""
      },
      {
        "id": "01p0R00000CJuoxQAD",
        "name": "QueueableChainingRecipes",
        "type": "ApexClass",
        "parent": ""
      },
      {
        "id": "01p0R00000CJuozQAD",
        "name": "QueueableRecipes",
        "type": "ApexClass",
        "parent": ""
      },
      {
        "id": "01p0R00000CJuoyQAD",
        "name": "QueueableChainingRecipes_Tests",
        "type": "ApexClass",
        "parent": ""
      },
      {
        "id": "01p0R00000CJup0QAD",
        "name": "QueueableRecipes_Tests",
        "type": "ApexClass",
        "parent": ""
      },
      {
        "id": "01p0R00000CJup1QAD",
        "name": "QueueableWithCalloutRecipes",
        "type": "ApexClass",
        "parent": ""
      },
      {
        "id": "01p0R00000CJup2QAD",
        "name": "QueueableWithCalloutRecipes_Tests",
        "type": "ApexClass",
        "parent": ""
      },
      {
        "id": "01p0R00000CJup3QAD",
        "name": "RecipeTreeViewController",
        "type": "ApexClass",
        "parent": ""
      },
      {
        "id": "01p0R00000CJup4QAD",
        "name": "RecipeTreeViewController_Tests",
        "type": "ApexClass",
        "parent": ""
      },
      {
        "id": "01p0R00000CJup5QAD",
        "name": "RelatedCodeTabsController",
        "type": "ApexClass",
        "parent": ""
      },
      {
        "id": "01p0R00000CJup6QAD",
        "name": "RelatedCodeTabsController_Tests",
        "type": "ApexClass",
        "parent": ""
      },
      {
        "id": "01p0R00000CJup8QAD",
        "name": "RestClient_Tests",
        "type": "ApexClass",
        "parent": ""
      },
      {
        "id": "01p0R00000CJup9QAD",
        "name": "SOQLRecipes",
        "type": "ApexClass",
        "parent": ""
      },
      {
        "id": "AggregateResult",
        "name": "AggregateResult",
        "type": "StandardEntity",
        "parent": ""
      },
      {
        "id": "Opportunity",
        "name": "Opportunity",
        "type": "StandardEntity",
        "parent": ""
      },
      {
        "id": "01p0R00000CJupAQAT",
        "name": "SOQLRecipes_Tests",
        "type": "ApexClass",
        "parent": ""
      },
      {
        "id": "PermissionSet",
        "name": "PermissionSet",
        "type": "PermissionSet",
        "parent": ""
      },
      {
        "id": "PermissionSetAssignment",
        "name": "PermissionSetAssignment",
        "type": "StandardEntity",
        "parent": ""
      },
      {
        "id": "01p0R00000CJupBQAT",
        "name": "SOSLRecipes",
        "type": "ApexClass",
        "parent": ""
      },
      {
        "id": "01p0R00000CJupCQAT",
        "name": "SOSLRecipes_Tests",
        "type": "ApexClass",
        "parent": ""
      },
      {
        "id": "01p0R00000CJupEQAT",
        "name": "ScheduledApexDemo_Tests",
        "type": "ApexClass",
        "parent": ""
      },
      {
        "id": "01p0R00000CJupDQAT",
        "name": "ScheduledApexDemo",
        "type": "ApexClass",
        "parent": ""
      },
      {
        "id": "01p0R00000CJupFQAT",
        "name": "ScheduledApexRecipes",
        "type": "ApexClass",
        "parent": ""
      },
      {
        "id": "01p0R00000CJupGQAT",
        "name": "ScheduledApexRecipes_Tests",
        "type": "ApexClass",
        "parent": ""
      },
      {
        "id": "CronTrigger",
        "name": "CronTrigger",
        "type": "StandardEntity",
        "parent": ""
      },
      {
        "id": "01p0R00000CJupHQAT",
        "name": "StripInaccessibleRecipes",
        "type": "ApexClass",
        "parent": ""
      },
      {
        "id": "Campaign",
        "name": "Campaign",
        "type": "StandardEntity",
        "parent": ""
      },
      {
        "id": "01p0R00000CJupIQAT",
        "name": "StripInaccessibleRecipes_Tests",
        "type": "ApexClass",
        "parent": ""
      },
      {
        "id": "Case",
        "name": "Case",
        "type": "StandardEntity",
        "parent": ""
      },
      {
        "id": "Profile",
        "name": "Profile",
        "type": "Profile",
        "parent": ""
      },
      {
        "id": "01p0R00000CJupMQAT",
        "name": "TriggerHandler_Test",
        "type": "ApexClass",
        "parent": ""
      },
      {
        "id": "01p0R00000CRr8QQAT",
        "name": "Log",
        "type": "ApexClass",
        "parent": ""
      },
      {
        "id": "01p0R00000CRr8RQAT",
        "name": "LogMessage",
        "type": "ApexClass",
        "parent": ""
      },
      {
        "id": "01p0R00000CRr8SQAT",
        "name": "LogSeverity",
        "type": "ApexClass",
        "parent": ""
      },
      {
        "id": "00N0R00000H4ZCXUA3",
        "name": "Log_Message",
        "type": "CustomField",
        "parent": "undefined."
      },
      {
        "id": "00N0R00000H4ZCYUA3",
        "name": "Quiddity",
        "type": "CustomField",
        "parent": "undefined."
      },
      {
        "id": "00N0R00000H4ZCZUA3",
        "name": "Request_Id",
        "type": "CustomField",
        "parent": "undefined."
      },
      {
        "id": "00N0R00000H4ZCaUAN",
        "name": "Severity",
        "type": "CustomField",
        "parent": "undefined."
      },
      {
        "id": "01I0R000001WyXkUAK",
        "name": "Log",
        "type": "CustomObject",
        "parent": ""
      },
      {
        "id": "01p0R00000CRrZWQA1",
        "name": "LogTriggerHandler",
        "type": "ApexClass",
        "parent": ""
      },
      {
        "id": "01I0R000001WyZHUA0",
        "name": "LogEvent",
        "type": "CustomObject",
        "parent": ""
      },
      {
        "id": "01p0R00000CRsC9QAL",
        "name": "Log_Tests",
        "type": "ApexClass",
        "parent": ""
      },
      {
        "id": "01q0R0000003dx0QAA",
        "name": "AccountTrigger",
        "type": "ApexTrigger",
        "parent": ""
      },
      {
        "id": "01q0R0000003dx1QAA",
        "name": "PlatformEventRecipesTrigger",
        "type": "ApexTrigger",
        "parent": ""
      },
      {
        "id": "01q0R000000ntgeQAA",
        "name": "LogTrigger",
        "type": "ApexTrigger",
        "parent": ""
      },
      {
        "id": "0Rb0R000000De7OSAS",
        "name": "apexRecipesContainer",
        "type": "LightningComponentBundle",
        "parent": ""
      }
    ],
    "edges": [
      {
        "from": "01r0R0000005yGtQAI",
        "to": "0M00R000000DiF4SAK"
      },
      {
        "from": "00h0R000002zt1JQAQ",
        "to": "00N0R00000H4ZnTUAV"
      },
      {
        "from": "00h0R000002zt1JQAQ",
        "to": "00N0R00000H4ZnJUAV"
      },
      {
        "from": "00h0R000002zt1JQAQ",
        "to": "00N0R00000H4ZnEUAV"
      },
      {
        "from": "00h0R000002zt1JQAQ",
        "to": "00N0R00000H4ZmaUAF"
      },
      {
        "from": "00h0R0000032WWMQA2",
        "to": "00b0R000002g2wzQAA"
      },
      {
        "from": "01p0R00000CJunqQAD",
        "to": "01p0R00000CJuoSQAT"
      },
      {
        "from": "01p0R00000CJunqQAD",
        "to": "Account"
      },
      {
        "from": "01p0R00000CJunrQAD",
        "to": "01p0R00000CJunqQAD"
      },
      {
        "from": "01p0R00000CJunrQAD",
        "to": "01p0R00000CJuoSQAT"
      },
      {
        "from": "01p0R00000CJunrQAD",
        "to": "01p0R00000CJupKQAT"
      },
      {
        "from": "01p0R00000CJunrQAD",
        "to": "01p0R00000CJupLQAT"
      },
      {
        "from": "01p0R00000CJunrQAD",
        "to": "Account"
      },
      {
        "from": "01p0R00000CJunrQAD",
        "to": "User"
      },
      {
        "from": "01p0R00000CJunsQAD",
        "to": "01p0R00000CJunqQAD"
      },
      {
        "from": "01p0R00000CJunsQAD",
        "to": "01p0R00000CJuoSQAT"
      },
      {
        "from": "01p0R00000CJunsQAD",
        "to": "01p0R00000CJupLQAT"
      },
      {
        "from": "01p0R00000CJunsQAD",
        "to": "Account"
      },
      {
        "from": "01p0R00000CJunsQAD",
        "to": "Task"
      },
      {
        "from": "01p0R00000CJuntQAD",
        "to": "01p0R00000CJunsQAD"
      },
      {
        "from": "01p0R00000CJuntQAD",
        "to": "01p0R00000CJupKQAT"
      },
      {
        "from": "01p0R00000CJuntQAD",
        "to": "Account"
      },
      {
        "from": "01p0R00000CJuntQAD",
        "to": "Task"
      },
      {
        "from": "01p0R00000CJunuQAD",
        "to": "ApexClass"
      },
      {
        "from": "01p0R00000CJunvQAD",
        "to": "01p0R00000CJunuQAD"
      },
      {
        "from": "01p0R00000CJunvQAD",
        "to": "ApexClass"
      },
      {
        "from": "01p0R00000CJunwQAD",
        "to": "01p0R00000CJunxQAD"
      },
      {
        "from": "01p0R00000CJunwQAD",
        "to": "01p0R00000CJup7QAD"
      },
      {
        "from": "01p0R00000CJunyQAD",
        "to": "01p0R00000CJunxQAD"
      },
      {
        "from": "01p0R00000CJunzQAD",
        "to": "01p0R00000CJunwQAD"
      },
      {
        "from": "01p0R00000CJunzQAD",
        "to": "01p0R00000CJunxQAD"
      },
      {
        "from": "01p0R00000CJunzQAD",
        "to": "01p0R00000CJunyQAD"
      },
      {
        "from": "01p0R00000CJunzQAD",
        "to": "01p0R00000CJuoiQAD"
      },
      {
        "from": "01p0R00000CJuo6QAD",
        "to": "01p0R00000CJuo5QAD"
      },
      {
        "from": "01p0R00000CJuo6QAD",
        "to": "01p0R00000CJuoiQAD"
      },
      {
        "from": "01p0R00000CJuo7QAD",
        "to": "01p0R00000CJuoSQAT"
      },
      {
        "from": "01p0R00000CJuo7QAD",
        "to": "Account"
      },
      {
        "from": "01p0R00000CJuo8QAD",
        "to": "01p0R00000CJuo7QAD"
      },
      {
        "from": "01p0R00000CJuo8QAD",
        "to": "01p0R00000CJupKQAT"
      },
      {
        "from": "01p0R00000CJuo8QAD",
        "to": "Account"
      },
      {
        "from": "01p0R00000CJuo8QAD",
        "to": "User"
      },
      {
        "from": "01p0R00000CJuo9QAD",
        "to": "Account"
      },
      {
        "from": "01p0R00000CJuoPQAT",
        "to": "01p0R00000CJuo9QAD"
      },
      {
        "from": "01p0R00000CJuoPQAT",
        "to": "01p0R00000CJupKQAT"
      },
      {
        "from": "01p0R00000CJuoPQAT",
        "to": "Account"
      },
      {
        "from": "01p0R00000CJuoQQAT",
        "to": "00N0R00000Go8k4UAB"
      },
      {
        "from": "01p0R00000CJuoQQAT",
        "to": "01p0R00000CJup7QAD"
      },
      {
        "from": "01p0R00000CJuoQQAT",
        "to": "Account"
      },
      {
        "from": "01p0R00000CJuoQQAT",
        "to": "Contact"
      },
      {
        "from": "01p0R00000CJuoRQAT",
        "to": "01p0R00000CJuoQQAT"
      },
      {
        "from": "01p0R00000CJuoRQAT",
        "to": "01p0R00000CJuoiQAD"
      },
      {
        "from": "01p0R00000CJuoRQAT",
        "to": "01p0R00000CJupKQAT"
      },
      {
        "from": "01p0R00000CJuoRQAT",
        "to": "Account"
      },
      {
        "from": "01p0R00000CJuoRQAT",
        "to": "Contact"
      },
      {
        "from": "01p0R00000CJuoSQAT",
        "to": "01p0R00000CJuorQAD"
      },
      {
        "from": "01p0R00000CJuoSQAT",
        "to": "FieldPermissions"
      },
      {
        "from": "01p0R00000CJuoTQAT",
        "to": "01p0R00000CJuoSQAT"
      },
      {
        "from": "01p0R00000CJuoTQAT",
        "to": "Account"
      },
      {
        "from": "01p0R00000CJuoVQAT",
        "to": "01p0R00000CJuoUQAT"
      },
      {
        "from": "01p0R00000CJuoVQAT",
        "to": "01p0R00000CJupKQAT"
      },
      {
        "from": "01p0R00000CJuoVQAT",
        "to": "Account"
      },
      {
        "from": "01p0R00000CJuoVQAT",
        "to": "Contact"
      },
      {
        "from": "01p0R00000CJuoWQAT",
        "to": "00N0R00000Go8k4UAB"
      },
      {
        "from": "01p0R00000CJuoWQAT",
        "to": "00N0R00000Go8k5UAB"
      },
      {
        "from": "01p0R00000CJuoWQAT",
        "to": "01p0R00000CJuoSQAT"
      },
      {
        "from": "01p0R00000CJuoWQAT",
        "to": "Account"
      },
      {
        "from": "01p0R00000CJuoWQAT",
        "to": "Contact"
      },
      {
        "from": "01p0R00000CJuoXQAT",
        "to": "00N0R00000Go8k4UAB"
      },
      {
        "from": "01p0R00000CJuoXQAT",
        "to": "00N0R00000Go8k5UAB"
      },
      {
        "from": "01p0R00000CJuoXQAT",
        "to": "01p0R00000CJuoSQAT"
      },
      {
        "from": "01p0R00000CJuoXQAT",
        "to": "01p0R00000CJuoWQAT"
      },
      {
        "from": "01p0R00000CJuoXQAT",
        "to": "01p0R00000CJupKQAT"
      },
      {
        "from": "01p0R00000CJuoXQAT",
        "to": "Account"
      },
      {
        "from": "01p0R00000CJuoXQAT",
        "to": "Contact"
      },
      {
        "from": "01p0R00000CJuoXQAT",
        "to": "User"
      },
      {
        "from": "01p0R00000CJuoYQAT",
        "to": "01p0R00000CJuoSQAT"
      },
      {
        "from": "01p0R00000CJuoYQAT",
        "to": "Account"
      },
      {
        "from": "01p0R00000CJuoZQAT",
        "to": "01p0R00000CJuoYQAT"
      },
      {
        "from": "01p0R00000CJuoZQAT",
        "to": "01p0R00000CJupJQAT"
      },
      {
        "from": "01p0R00000CJuoZQAT",
        "to": "Account"
      },
      {
        "from": "01p0R00000CJuoaQAD",
        "to": "00N0R00000Go8k2UAB"
      },
      {
        "from": "01p0R00000CJuoaQAD",
        "to": "00N0R00000Go8k3UAB"
      },
      {
        "from": "01p0R00000CJuoaQAD",
        "to": "01I0R000001BGZFUA4"
      },
      {
        "from": "01p0R00000CJuoaQAD",
        "to": "01I0R000001BGZGUA4"
      },
      {
        "from": "01p0R00000CJuoaQAD",
        "to": "01I0R000001BGZHUA4"
      },
      {
        "from": "01p0R00000CJuoaQAD",
        "to": "01p0R00000CJuoSQAT"
      },
      {
        "from": "01p0R00000CJuobQAD",
        "to": "01I0R000001BGZHUA4"
      },
      {
        "from": "01p0R00000CJuobQAD",
        "to": "01p0R00000CJuoaQAD"
      },
      {
        "from": "01p0R00000CJuocQAD",
        "to": "Account"
      },
      {
        "from": "01p0R00000CJuodQAD",
        "to": "01p0R00000CJuocQAD"
      },
      {
        "from": "01p0R00000CJuodQAD",
        "to": "01p0R00000CJupJQAT"
      },
      {
        "from": "01p0R00000CJuodQAD",
        "to": "Account"
      },
      {
        "from": "01p0R00000CJuoeQAD",
        "to": "01p0R00000CJuoSQAT"
      },
      {
        "from": "01p0R00000CJuoeQAD",
        "to": "ContentDistribution"
      },
      {
        "from": "01p0R00000CJuoeQAD",
        "to": "ContentDocument"
      },
      {
        "from": "01p0R00000CJuoeQAD",
        "to": "ContentDocumentLink"
      },
      {
        "from": "01p0R00000CJuoeQAD",
        "to": "ContentVersion"
      },
      {
        "from": "01p0R00000CJuofQAD",
        "to": "01p0R00000CJuoeQAD"
      },
      {
        "from": "01p0R00000CJuofQAD",
        "to": "01p0R00000CJupKQAT"
      },
      {
        "from": "01p0R00000CJuofQAD",
        "to": "Account"
      },
      {
        "from": "01p0R00000CJuofQAD",
        "to": "ContentDistribution"
      },
      {
        "from": "01p0R00000CJuofQAD",
        "to": "ContentDocument"
      },
      {
        "from": "01p0R00000CJuofQAD",
        "to": "ContentDocumentLink"
      },
      {
        "from": "01p0R00000CJuofQAD",
        "to": "ContentVersion"
      },
      {
        "from": "01p0R00000CJuofQAD",
        "to": "StaticResource"
      },
      {
        "from": "01p0R00000CJuogQAD",
        "to": "01p0R00000CJunuQAD"
      },
      {
        "from": "01p0R00000CJuogQAD",
        "to": "ApexClass"
      },
      {
        "from": "01p0R00000CJuohQAD",
        "to": "01p0R00000CJuogQAD"
      },
      {
        "from": "01p0R00000CJuojQAD",
        "to": "Contact"
      },
      {
        "from": "01p0R00000CJuojQAD",
        "to": "Task"
      },
      {
        "from": "01p0R00000CJuokQAD",
        "to": "01p0R00000CJuojQAD"
      },
      {
        "from": "01p0R00000CJuokQAD",
        "to": "01p0R00000CJupKQAT"
      },
      {
        "from": "01p0R00000CJuokQAD",
        "to": "Account"
      },
      {
        "from": "01p0R00000CJuokQAD",
        "to": "Contact"
      },
      {
        "from": "01p0R00000CJuokQAD",
        "to": "Task"
      },
      {
        "from": "01p0R00000CJuolQAD",
        "to": "EntityDefinition"
      },
      {
        "from": "01p0R00000CJuolQAD",
        "to": "FieldDefinition"
      },
      {
        "from": "01p0R00000CJuomQAD",
        "to": "01p0R00000CJuolQAD"
      },
      {
        "from": "01p0R00000CJuonQAD",
        "to": "01p0R00000CJuoUQAT"
      },
      {
        "from": "01p0R00000CJuonQAD",
        "to": "AppMenuItem"
      },
      {
        "from": "01p0R00000CJuooQAD",
        "to": "01p0R00000CJuonQAD"
      },
      {
        "from": "01p0R00000CJuopQAD",
        "to": "Account"
      },
      {
        "from": "01p0R00000CJuoqQAD",
        "to": "01p0R00000CJuopQAD"
      },
      {
        "from": "01p0R00000CJuoqQAD",
        "to": "01p0R00000CJuorQAD"
      },
      {
        "from": "01p0R00000CJuoqQAD",
        "to": "01p0R00000CJupKQAT"
      },
      {
        "from": "01p0R00000CJuoqQAD",
        "to": "Account"
      },
      {
        "from": "01p0R00000CJuosQAD",
        "to": "01p0R00000CJuorQAD"
      },
      {
        "from": "01p0R00000CJuotQAD",
        "to": "01I0R000001BGZEUA4"
      },
      {
        "from": "01p0R00000CJuotQAD",
        "to": "01p0R00000CJuoSQAT"
      },
      {
        "from": "01p0R00000CJuouQAD",
        "to": "00N0R00000Go8k6UAB"
      },
      {
        "from": "01p0R00000CJuouQAD",
        "to": "00N0R00000Go8k8UAB"
      },
      {
        "from": "01p0R00000CJuouQAD",
        "to": "01I0R000001BGZEUA4"
      },
      {
        "from": "01p0R00000CJuouQAD",
        "to": "01p0R00000CJupLQAT"
      },
      {
        "from": "01p0R00000CJuouQAD",
        "to": "Account"
      },
      {
        "from": "01p0R00000CJuovQAD",
        "to": "00N0R00000Go8k6UAB"
      },
      {
        "from": "01p0R00000CJuovQAD",
        "to": "00N0R00000Go8k7UAB"
      },
      {
        "from": "01p0R00000CJuovQAD",
        "to": "00N0R00000Go8k8UAB"
      },
      {
        "from": "01p0R00000CJuovQAD",
        "to": "01I0R000001BGZEUA4"
      },
      {
        "from": "01p0R00000CJuovQAD",
        "to": "01p0R00000CJupKQAT"
      },
      {
        "from": "01p0R00000CJuovQAD",
        "to": "Account"
      },
      {
        "from": "01p0R00000CJuowQAD",
        "to": "00N0R00000Go8k6UAB"
      },
      {
        "from": "01p0R00000CJuowQAD",
        "to": "00N0R00000Go8k7UAB"
      },
      {
        "from": "01p0R00000CJuowQAD",
        "to": "00N0R00000Go8k8UAB"
      },
      {
        "from": "01p0R00000CJuowQAD",
        "to": "01I0R000001BGZEUA4"
      },
      {
        "from": "01p0R00000CJuowQAD",
        "to": "01p0R00000CJuotQAD"
      },
      {
        "from": "01p0R00000CJuowQAD",
        "to": "01p0R00000CJupKQAT"
      },
      {
        "from": "01p0R00000CJuowQAD",
        "to": "Account"
      },
      {
        "from": "01p0R00000CJuowQAD",
        "to": "User"
      },
      {
        "from": "01p0R00000CJuoxQAD",
        "to": "01p0R00000CJuozQAD"
      },
      {
        "from": "01p0R00000CJuoxQAD",
        "to": "Account"
      },
      {
        "from": "01p0R00000CJuoyQAD",
        "to": "01p0R00000CJuoxQAD"
      },
      {
        "from": "01p0R00000CJuoyQAD",
        "to": "01p0R00000CJupKQAT"
      },
      {
        "from": "01p0R00000CJuoyQAD",
        "to": "Account"
      },
      {
        "from": "01p0R00000CJuozQAD",
        "to": "Account"
      },
      {
        "from": "01p0R00000CJup0QAD",
        "to": "01p0R00000CJuozQAD"
      },
      {
        "from": "01p0R00000CJup0QAD",
        "to": "01p0R00000CJupKQAT"
      },
      {
        "from": "01p0R00000CJup0QAD",
        "to": "Account"
      },
      {
        "from": "01p0R00000CJup1QAD",
        "to": "01p0R00000CJup7QAD"
      },
      {
        "from": "01p0R00000CJup1QAD",
        "to": "01p0R00000CJupKQAT"
      },
      {
        "from": "01p0R00000CJup1QAD",
        "to": "Account"
      },
      {
        "from": "01p0R00000CJup2QAD",
        "to": "01p0R00000CJuoiQAD"
      },
      {
        "from": "01p0R00000CJup2QAD",
        "to": "01p0R00000CJup1QAD"
      },
      {
        "from": "01p0R00000CJup2QAD",
        "to": "01p0R00000CJupKQAT"
      },
      {
        "from": "01p0R00000CJup2QAD",
        "to": "Account"
      },
      {
        "from": "01p0R00000CJup3QAD",
        "to": "01p0R00000CJunuQAD"
      },
      {
        "from": "01p0R00000CJup3QAD",
        "to": "ApexClass"
      },
      {
        "from": "01p0R00000CJup4QAD",
        "to": "01p0R00000CJup3QAD"
      },
      {
        "from": "01p0R00000CJup4QAD",
        "to": "ApexClass"
      },
      {
        "from": "01p0R00000CJup5QAD",
        "to": "01p0R00000CJunuQAD"
      },
      {
        "from": "01p0R00000CJup5QAD",
        "to": "ApexClass"
      },
      {
        "from": "01p0R00000CJup6QAD",
        "to": "01p0R00000CJup5QAD"
      },
      {
        "from": "01p0R00000CJup8QAD",
        "to": "01p0R00000CJuoiQAD"
      },
      {
        "from": "01p0R00000CJup8QAD",
        "to": "01p0R00000CJup7QAD"
      },
      {
        "from": "01p0R00000CJup9QAD",
        "to": "00N0R00000Go8k2UAB"
      },
      {
        "from": "01p0R00000CJup9QAD",
        "to": "00N0R00000Go8k3UAB"
      },
      {
        "from": "01p0R00000CJup9QAD",
        "to": "01I0R000001BGZFUA4"
      },
      {
        "from": "01p0R00000CJup9QAD",
        "to": "01I0R000001BGZGUA4"
      },
      {
        "from": "01p0R00000CJup9QAD",
        "to": "01I0R000001BGZHUA4"
      },
      {
        "from": "01p0R00000CJup9QAD",
        "to": "Account"
      },
      {
        "from": "01p0R00000CJup9QAD",
        "to": "AggregateResult"
      },
      {
        "from": "01p0R00000CJup9QAD",
        "to": "Contact"
      },
      {
        "from": "01p0R00000CJup9QAD",
        "to": "Opportunity"
      },
      {
        "from": "01p0R00000CJupAQAT",
        "to": "00N0R00000Go8k2UAB"
      },
      {
        "from": "01p0R00000CJupAQAT",
        "to": "00N0R00000Go8k3UAB"
      },
      {
        "from": "01p0R00000CJupAQAT",
        "to": "01I0R000001BGZFUA4"
      },
      {
        "from": "01p0R00000CJupAQAT",
        "to": "01I0R000001BGZGUA4"
      },
      {
        "from": "01p0R00000CJupAQAT",
        "to": "01I0R000001BGZHUA4"
      },
      {
        "from": "01p0R00000CJupAQAT",
        "to": "01p0R00000CJup9QAD"
      },
      {
        "from": "01p0R00000CJupAQAT",
        "to": "01p0R00000CJupJQAT"
      },
      {
        "from": "01p0R00000CJupAQAT",
        "to": "01p0R00000CJupKQAT"
      },
      {
        "from": "01p0R00000CJupAQAT",
        "to": "01p0R00000CJupLQAT"
      },
      {
        "from": "01p0R00000CJupAQAT",
        "to": "Account"
      },
      {
        "from": "01p0R00000CJupAQAT",
        "to": "Contact"
      },
      {
        "from": "01p0R00000CJupAQAT",
        "to": "Opportunity"
      },
      {
        "from": "01p0R00000CJupAQAT",
        "to": "PermissionSet"
      },
      {
        "from": "01p0R00000CJupAQAT",
        "to": "PermissionSetAssignment"
      },
      {
        "from": "01p0R00000CJupAQAT",
        "to": "User"
      },
      {
        "from": "01p0R00000CJupBQAT",
        "to": "Account"
      },
      {
        "from": "01p0R00000CJupBQAT",
        "to": "Contact"
      },
      {
        "from": "01p0R00000CJupCQAT",
        "to": "01p0R00000CJupBQAT"
      },
      {
        "from": "01p0R00000CJupCQAT",
        "to": "Account"
      },
      {
        "from": "01p0R00000CJupCQAT",
        "to": "Contact"
      },
      {
        "from": "01p0R00000CJupEQAT",
        "to": "01p0R00000CJupDQAT"
      },
      {
        "from": "01p0R00000CJupFQAT",
        "to": "01p0R00000CJupDQAT"
      },
      {
        "from": "01p0R00000CJupGQAT",
        "to": "01p0R00000CJupFQAT"
      },
      {
        "from": "01p0R00000CJupGQAT",
        "to": "CronTrigger"
      },
      {
        "from": "01p0R00000CJupHQAT",
        "to": "Account"
      },
      {
        "from": "01p0R00000CJupHQAT",
        "to": "Campaign"
      },
      {
        "from": "01p0R00000CJupHQAT",
        "to": "Contact"
      },
      {
        "from": "01p0R00000CJupIQAT",
        "to": "01p0R00000CJupHQAT"
      },
      {
        "from": "01p0R00000CJupIQAT",
        "to": "01p0R00000CJupKQAT"
      },
      {
        "from": "01p0R00000CJupIQAT",
        "to": "Account"
      },
      {
        "from": "01p0R00000CJupIQAT",
        "to": "Campaign"
      },
      {
        "from": "01p0R00000CJupIQAT",
        "to": "Contact"
      },
      {
        "from": "01p0R00000CJupIQAT",
        "to": "User"
      },
      {
        "from": "01p0R00000CJupJQAT",
        "to": "Account"
      },
      {
        "from": "01p0R00000CJupJQAT",
        "to": "Contact"
      },
      {
        "from": "01p0R00000CJupKQAT",
        "to": "Case"
      },
      {
        "from": "01p0R00000CJupKQAT",
        "to": "Contact"
      },
      {
        "from": "01p0R00000CJupKQAT",
        "to": "PermissionSet"
      },
      {
        "from": "01p0R00000CJupKQAT",
        "to": "PermissionSetAssignment"
      },
      {
        "from": "01p0R00000CJupKQAT",
        "to": "Profile"
      },
      {
        "from": "01p0R00000CJupKQAT",
        "to": "User"
      },
      {
        "from": "01p0R00000CJupMQAT",
        "to": "01p0R00000CJupLQAT"
      },
      {
        "from": "01p0R00000CRr8QQAT",
        "to": "01p0R00000CRr8RQAT"
      },
      {
        "from": "01p0R00000CRr8QQAT",
        "to": "01p0R00000CRr8SQAT"
      },
      {
        "from": "01p0R00000CRr8RQAT",
        "to": "00N0R00000H4ZCXUA3"
      },
      {
        "from": "01p0R00000CRr8RQAT",
        "to": "00N0R00000H4ZCYUA3"
      },
      {
        "from": "01p0R00000CRr8RQAT",
        "to": "00N0R00000H4ZCZUA3"
      },
      {
        "from": "01p0R00000CRr8RQAT",
        "to": "00N0R00000H4ZCaUAN"
      },
      {
        "from": "01p0R00000CRr8RQAT",
        "to": "01I0R000001WyXkUAK"
      },
      {
        "from": "01p0R00000CRr8RQAT",
        "to": "01p0R00000CRr8SQAT"
      },
      {
        "from": "01p0R00000CRrZWQA1",
        "to": "00N0R00000H4ZCXUA3"
      },
      {
        "from": "01p0R00000CRrZWQA1",
        "to": "00N0R00000H4ZCYUA3"
      },
      {
        "from": "01p0R00000CRrZWQA1",
        "to": "00N0R00000H4ZCZUA3"
      },
      {
        "from": "01p0R00000CRrZWQA1",
        "to": "00N0R00000H4ZCaUAN"
      },
      {
        "from": "01p0R00000CRrZWQA1",
        "to": "00N0R00000H4ZmaUAF"
      },
      {
        "from": "01p0R00000CRrZWQA1",
        "to": "00N0R00000H4ZnEUAV"
      },
      {
        "from": "01p0R00000CRrZWQA1",
        "to": "00N0R00000H4ZnJUAV"
      },
      {
        "from": "01p0R00000CRrZWQA1",
        "to": "00N0R00000H4ZnTUAV"
      },
      {
        "from": "01p0R00000CRrZWQA1",
        "to": "01I0R000001WyXkUAK"
      },
      {
        "from": "01p0R00000CRrZWQA1",
        "to": "01I0R000001WyZHUA0"
      },
      {
        "from": "01p0R00000CRrZWQA1",
        "to": "01p0R00000CJupLQAT"
      },
      {
        "from": "01p0R00000CRsC9QAL",
        "to": "00N0R00000H4ZmaUAF"
      },
      {
        "from": "01p0R00000CRsC9QAL",
        "to": "00N0R00000H4ZnEUAV"
      },
      {
        "from": "01p0R00000CRsC9QAL",
        "to": "00N0R00000H4ZnJUAV"
      },
      {
        "from": "01p0R00000CRsC9QAL",
        "to": "00N0R00000H4ZnTUAV"
      },
      {
        "from": "01p0R00000CRsC9QAL",
        "to": "01I0R000001WyZHUA0"
      },
      {
        "from": "01p0R00000CRsC9QAL",
        "to": "01p0R00000CRr8QQAT"
      },
      {
        "from": "01p0R00000CRsC9QAL",
        "to": "01p0R00000CRr8SQAT"
      },
      {
        "from": "01q0R0000003dx0QAA",
        "to": "01p0R00000CJunsQAD"
      },
      {
        "from": "01q0R0000003dx0QAA",
        "to": "Account"
      },
      {
        "from": "01q0R0000003dx1QAA",
        "to": "01I0R000001BGZEUA4"
      },
      {
        "from": "01q0R0000003dx1QAA",
        "to": "01p0R00000CJuouQAD"
      },
      {
        "from": "01q0R000000ntgeQAA",
        "to": "01I0R000001WyXkUAK"
      },
      {
        "from": "01q0R000000ntgeQAA",
        "to": "01p0R00000CRrZWQA1"
      },
      {
        "from": "0M00R000000DiF4SAK",
        "to": "0Rb0R000000De7OSAS"
      }
    ]
  }
}
