{
    "required": ["Input:Contact"],
    "unevaluatedProperties": false,
    "properties": {
        "Input:Contact": {
            "title": "Contact",
            "description": "Contact for which the personalized schedule should be generated. Must be a valid JSON representing the contact info, chained from having executed the QueryRecords action.",
            "lightning:type": "lightning__recordInfoType",
            "lightning:sObjectInfo": {
                "apiName": "Contact"
            },
            "lightning:isPII": false,
            "copilotAction:isUserInput": false
        }
    },
    "lightning:type": "lightning__objectType"
}
