<?xml version="1.0" encoding="UTF-8" ?>
<CustomField xmlns="http://soap.sforce.com/2006/04/metadata">
    <fullName>AccountId__c</fullName>
    <description
    >This is the Salesforce Account Id that we should attach the image to.</description>
    <externalId>false</externalId>
    <isFilteringDisabled>false</isFilteringDisabled>
    <isNameField>false</isNameField>
    <isSortingDisabled>false</isSortingDisabled>
    <label>Account Id</label>
    <length>18</length>
    <required>true</required>
    <type>Text</type>
    <unique>false</unique>
</CustomField>
