<?xml version="1.0" encoding="UTF-8" ?>
<CustomField xmlns="http://soap.sforce.com/2006/04/metadata">
    <fullName>Url__c</fullName>
    <description>This field holds the image url to be added.</description>
    <externalId>false</externalId>
    <isFilteringDisabled>false</isFilteringDisabled>
    <isNameField>false</isNameField>
    <isSortingDisabled>false</isSortingDisabled>
    <label>URL</label>
    <length>255</length>
    <required>true</required>
    <type>Text</type>
    <unique>false</unique>
</CustomField>
