<?xml version="1.0" encoding="UTF-8" ?>
<GenAiFunction xmlns="http://soap.sforce.com/2006/04/metadata">
    <description
    >Get the Sessions__c based on the provided specific Date and the Id of the Experience__c</description>
    <invocationTarget>Get_Sessions</invocationTarget>
    <invocationTargetType>flow</invocationTargetType>
    <isConfirmationRequired>false</isConfirmationRequired>
    <isIncludeInProgressIndicator>false</isIncludeInProgressIndicator>
    <masterLabel>Get Sessions</masterLabel>
</GenAiFunction>
