<?xml version="1.0" encoding="UTF-8"?>
<GlobalValueSet xmlns="http://soap.sforce.com/2006/04/metadata">
    <customValue>
        <fullName>United States</fullName>
        <default>false</default>
        <label>United States</label>
    </customValue>
    <customValue>
        <fullName>Canada</fullName>
        <default>false</default>
        <label>Canada</label>
    </customValue>
    <customValue>
        <fullName>Trinidad and Tobago</fullName>
        <default>false</default>
        <label>Trinidad and Tobago</label>
    </customValue>
    <customValue>
        <fullName>London</fullName>
        <default>false</default>
        <label>London</label>
    </customValue>
    <customValue>
        <fullName>Brazil</fullName>
        <default>false</default>
        <label>Brazil</label>
    </customValue>
    <customValue>
        <fullName>Japan</fullName>
        <default>false</default>
        <label>Japan</label>
    </customValue>
    <customValue>
        <fullName>South Africa</fullName>
        <default>false</default>
        <label>South Africa</label>
    </customValue>
    <customValue>
        <fullName>Amsterdam</fullName>
        <default>false</default>
        <label>Amsterdam</label>
    </customValue>
    <masterLabel>Country</masterLabel>
    <sorted>false</sorted>
</GlobalValueSet>
