<?xml version="1.0" encoding="UTF-8"?>
<GlobalValueSet xmlns="http://soap.sforce.com/2006/04/metadata">
    <customValue>
        <fullName>Not Started</fullName>
        <default>false</default>
        <label>Not Started</label>
    </customValue>
    <customValue>
        <fullName>Draft</fullName>
        <default>false</default>
        <label>Draft</label>
    </customValue>
    <customValue>
        <fullName>Proposal Ready</fullName>
        <default>false</default>
        <label>Proposal Ready</label>
    </customValue>
    <customValue>
        <fullName>Contracted</fullName>
        <default>false</default>
        <label>Contracted</label>
    </customValue>
    <customValue>
        <fullName>Scheduled</fullName>
        <default>false</default>
        <label>Scheduled</label>
    </customValue>
    <customValue>
        <fullName>Complete</fullName>
        <default>false</default>
        <label>Complete</label>
    </customValue>
    <masterLabel>Reservation Status</masterLabel>
    <sorted>false</sorted>
</GlobalValueSet>
