<?xml version="1.0" encoding="UTF-8" ?>
<CustomField xmlns="http://soap.sforce.com/2006/04/metadata">
    <fullName>Experience__c</fullName>
    <description>The Experience related to the review</description>
    <label>Experience</label>
    <referenceTo>Experience__c</referenceTo>
    <relationshipLabel>Guest Reviews</relationshipLabel>
    <relationshipName>Guest_Reviews</relationshipName>
    <relationshipOrder>0</relationshipOrder>
    <reparentableMasterDetail>false</reparentableMasterDetail>
    <trackTrending>false</trackTrending>
    <type>MasterDetail</type>
    <writeRequiresMasterRead>false</writeRequiresMasterRead>
</CustomField>
