<?xml version="1.0" encoding="UTF-8"?>
<FlexiPage xmlns="http://soap.sforce.com/2006/04/metadata">
    <flexiPageRegions>
        <name>region1</name>
        <type>Region</type>
    </flexiPageRegions>
    <flexiPageRegions>
        <componentInstances>
            <componentName>FundTileList</componentName>
        </componentInstances>
        <name>region2</name>
        <type>Region</type>
    </flexiPageRegions>
    <flexiPageRegions>
        <componentInstances>
            <componentName>FundFilter</componentName>
        </componentInstances>
        <componentInstances>
            <componentInstanceProperties>
                <name>filterName</name>
                <value>ytd-return</value>
            </componentInstanceProperties>
            <componentInstanceProperties>
                <name>label</name>
                <value>YTD return</value>
            </componentInstanceProperties>
            <componentInstanceProperties>
                <name>max</name>
                <value>20</value>
            </componentInstanceProperties>
            <componentInstanceProperties>
                <name>min</name>
                <value>-20</value>
            </componentInstanceProperties>
            <componentInstanceProperties>
                <name>step</name>
                <value>1</value>
            </componentInstanceProperties>
            <componentName>PercentReturnRange</componentName>
        </componentInstances>
        <componentInstances>
            <componentInstanceProperties>
                <name>filterName</name>
                <value>1-year-return</value>
            </componentInstanceProperties>
            <componentInstanceProperties>
                <name>label</name>
                <value>1-year return</value>
            </componentInstanceProperties>
            <componentInstanceProperties>
                <name>max</name>
                <value>30</value>
            </componentInstanceProperties>
            <componentInstanceProperties>
                <name>min</name>
                <value>-30</value>
            </componentInstanceProperties>
            <componentInstanceProperties>
                <name>step</name>
                <value>1</value>
            </componentInstanceProperties>
            <componentName>PercentReturnRange</componentName>
        </componentInstances>
        <componentInstances>
            <componentInstanceProperties>
                <name>filterName</name>
                <value>5-year-return</value>
            </componentInstanceProperties>
            <componentInstanceProperties>
                <name>label</name>
                <value>5-year return</value>
            </componentInstanceProperties>
            <componentInstanceProperties>
                <name>max</name>
                <value>30</value>
            </componentInstanceProperties>
            <componentInstanceProperties>
                <name>min</name>
                <value>-30</value>
            </componentInstanceProperties>
            <componentInstanceProperties>
                <name>step</name>
                <value>1</value>
            </componentInstanceProperties>
            <componentName>PercentReturnRange</componentName>
        </componentInstances>
        <name>region3</name>
        <type>Region</type>
    </flexiPageRegions>
    <masterLabel>Fund Explorer</masterLabel>
    <template>
        <name>flexipage:appHomeTemplateHeaderTwoColumns</name>
    </template>
    <type>AppPage</type>
</FlexiPage>
