{
  "packageDirectories": [
    {
      "path": "src-apex-formula-evaluator",
      "package": "AC - Apex Formula Evaluator",
      "versionName": "Spring '24 release",
      "versionNumber": "60.0.0.NEXT",
      "ancestorVersion": "HIGHEST"
    },
    {
      "default": true,
      "path": "src-collections",
      "package": "AC - Collections",
      "versionName": "Spring '24 release",
      "versionNumber": "60.0.0.NEXT",
      "ancestorVersion": "HIGHEST"
    },
    {
      "path": "src-data",
      "package": "AC - Data",
      "versionName": "Spring '24 release",
      "versionNumber": "60.0.0.NEXT",
      "ancestorVersion": "HIGHEST"
    },
    {
      "path": "src-flows",
      "package": "AC - Flows",
      "versionName": "Spring '24 release",
      "versionNumber": "60.0.0.NEXT",
      "ancestorVersion": "HIGHEST"
    },
    {
      "path": "src-messaging",
      "package": "AC - Messaging",
      "versionName": "Spring '24 release",
      "versionNumber": "60.0.0.NEXT",
      "ancestorVersion": "HIGHEST"
    },
    {
      "path": "src-security",
      "package": "AC - Security",
      "versionName": "Spring '24 release",
      "versionNumber": "60.0.0.NEXT",
      "ancestorVersion": "HIGHEST"
    },
    {
      "path": "src-strings",
      "package": "AC - Strings",
      "versionName": "Spring '24 release",
      "versionNumber": "60.0.0.NEXT",
      "ancestorVersion": "HIGHEST"
    },
    {
      "path": "src-ui",
      "package": "AC - UI",
      "versionName": "Winter '24 release",
      "versionNumber": "60.0.0.NEXT",
      "ancestorVersion": "HIGHEST"
    },
    {
      "path": "src-utilities",
      "package": "AC - Utilities",
      "versionName": "Spring '24 release",
      "versionNumber": "60.0.0.NEXT",
      "ancestorVersion": "HIGHEST"
    }
  ],
  "namespace": "",
  "sfdcLoginUrl": "https://login.salesforce.com",
  "sourceApiVersion": "60.0",
  "packageAliases": {
    "AC - Apex Formula Evaluator": "0Ho5w000000TN4OCAW",
    "AC - Collections": "0Ho5w000000TN3kCAG",
    "AC - Data": "0Ho5w000000TN3pCAG",
    "AC - Flows": "0Ho5w000000TN3uCAG",
    "AC - Messaging": "0Ho5w000000TN3zCAG",
    "AC - Security": "0Ho5w000000TN44CAG",
    "AC - Strings": "0Ho5w000000TN49CAG",
    "AC - UI": "0Ho5w000000TN4ECAW",
    "AC - Utilities": "0Ho5w000000TN4JCAW",
    "AC - Apex Formula Evaluator@60.0.0-1": "04t5w000005hlW8AAI",
    "AC - Collections@60.0.0-1": "04t5w000005hlW3AAI",
    "AC - Flows@60.0.0-1": "04t5w000005hlWIAAY",
    "AC - Data@60.0.0-1": "04t5w000005hlWDAAY",
    "AC - Messaging@60.0.0-1": "04t5w000005hlWSAAY",
    "AC - Security@60.0.0-1": "04t5w000005hlWNAAY",
    "AC - UI@60.0.0-1": "04t5w000005hlWXAAY",
    "AC - Utilities@60.0.0-1": "04t5w000005hlWhAAI",
    "AC - Strings@60.0.0-1": "04t5w000005hlWcAAI"
  }
}