<?xml version="1.0" encoding="UTF-8" ?>
<FlexiPage xmlns="http://soap.sforce.com/2006/04/metadata">
    <flexiPageRegions>
        <name>header</name>
        <type>Region</type>
    </flexiPageRegions>
    <flexiPageRegions>
        <itemInstances>
            <componentInstance>
                <identifier>viewRecordWrapper</identifier>
                <componentName>viewRecordWrapper</componentName>
            </componentInstance>
        </itemInstances>
        <itemInstances>
            <componentInstance>
                <identifier>viewRecordWithParentRecordDataWrapper</identifier>
                <componentName
                >viewRecordWithParentRecordDataWrapper</componentName>
            </componentInstance>
        </itemInstances>
        <name>leftcol</name>
        <type>Region</type>
    </flexiPageRegions>
    <flexiPageRegions>
        <itemInstances>
            <componentInstance>
                <identifier>editRecordWrapper</identifier>
                <componentName>editRecordWrapper</componentName>
            </componentInstance>
        </itemInstances>
        <itemInstances>
            <componentInstance>
                <identifier
                >createRecordWithPrepopulatedValuesWrapper</identifier>
                <componentName
                >createRecordWithPrepopulatedValuesWrapper</componentName>
            </componentInstance>
        </itemInstances>
        <name>rightcol</name>
        <type>Region</type>
    </flexiPageRegions>
    <masterLabel>Account Record Page</masterLabel>
    <sobjectType>Account</sobjectType>
    <template>
        <name>flexipage:recordHomeTwoColEqualHeaderTemplateDesktop</name>
    </template>
    <type>RecordPage</type>
</FlexiPage>
