<?xml version="1.0" encoding="UTF-8" ?>
<FlexiPage xmlns="http://soap.sforce.com/2006/04/metadata">
    <flexiPageRegions>
        <itemInstances>
            <componentInstance>
                <identifier>bindingWrapper</identifier>
                <componentName>bindingWrapper</componentName>
            </componentInstance>
        </itemInstances>
        <name>region1</name>
        <type>Region</type>
    </flexiPageRegions>
    <flexiPageRegions>
        <itemInstances>
            <componentInstance>
                <identifier>beforeRenderHookWrapper</identifier>
                <componentName>beforeRenderHookWrapper</componentName>
            </componentInstance>
        </itemInstances>
        <name>region2</name>
        <type>Region</type>
    </flexiPageRegions>
    <flexiPageRegions>
        <itemInstances>
            <componentInstance>
                <identifier>afterRenderHookWrapper</identifier>
                <componentName>afterRenderHookWrapper</componentName>
            </componentInstance>
        </itemInstances>
        <name>region3</name>
        <type>Region</type>
    </flexiPageRegions>
    <masterLabel>Basics</masterLabel>
    <template>
        <name>flexipage:appHomeTemplateHeaderTwoColumnsEqualWidth</name>
    </template>
    <type>AppPage</type>
</FlexiPage>
