<?xml version="1.0" encoding="UTF-8" ?>
<FlexiPage xmlns="http://soap.sforce.com/2006/04/metadata">
    <flexiPageRegions>
        <itemInstances>
            <componentInstance>
                <identifier>pageMessagesToastWrapper</identifier>
                <componentName>pageMessagesToastWrapper</componentName>
            </componentInstance>
        </itemInstances>
        <itemInstances>
            <componentInstance>
                <identifier>pageMessagesDataRetrievalWrapper</identifier>
                <componentName>pageMessagesDataRetrievalWrapper</componentName>
            </componentInstance>
        </itemInstances>
        <name>column1</name>
        <type>Region</type>
    </flexiPageRegions>
    <flexiPageRegions>
        <itemInstances>
            <componentInstance>
                <identifier>pageMessagesFormWrapper</identifier>
                <componentName>pageMessagesFormWrapper</componentName>
            </componentInstance>
        </itemInstances>
        <name>column2</name>
        <type>Region</type>
    </flexiPageRegions>
    <masterLabel>Error Handling</masterLabel>
    <template>
        <name>flexipage:appHomeTemplateTwoColumns</name>
    </template>
    <type>AppPage</type>
</FlexiPage>
