<?xml version="1.0" encoding="UTF-8" ?>
<FlexiPage xmlns="http://soap.sforce.com/2006/04/metadata">
    <flexiPageRegions>
        <itemInstances>
            <componentInstance>
                <identifier>visualforcePage</identifier>
                <componentInstanceProperties>
                    <name>height</name>
                    <value>450</value>
                </componentInstanceProperties>
                <componentInstanceProperties>
                    <name>pageName</name>
                    <value>interoperability</value>
                </componentInstanceProperties>
                <componentInstanceProperties>
                    <name>showLabel</name>
                    <value>true</value>
                </componentInstanceProperties>
                <componentName>flexipage:visualforcePage</componentName>
            </componentInstance>
        </itemInstances>
        <name>region1</name>
        <type>Region</type>
    </flexiPageRegions>
    <flexiPageRegions>
        <name>region2</name>
        <type>Region</type>
    </flexiPageRegions>
    <flexiPageRegions>
        <name>region3</name>
        <type>Region</type>
    </flexiPageRegions>
    <masterLabel>Interoperability</masterLabel>
    <template>
        <name>flexipage:appHomeTemplateHeaderTwoColumnsEqualWidth</name>
    </template>
    <type>AppPage</type>
</FlexiPage>
