<?xml version="1.0" encoding="UTF-8" ?>
<FlexiPage xmlns="http://soap.sforce.com/2006/04/metadata">
    <flexiPageRegions>
        <name>region1</name>
        <type>Region</type>
    </flexiPageRegions>
    <flexiPageRegions>
        <itemInstances>
            <componentInstance>
                <identifier>pageBlocksWrapper</identifier>
                <componentName>pageBlocksWrapper</componentName>
            </componentInstance>
        </itemInstances>
        <itemInstances>
            <componentInstance>
                <identifier>panelGridWrapper</identifier>
                <componentName>panelGridWrapper</componentName>
            </componentInstance>
        </itemInstances>
        <itemInstances>
            <componentInstance>
                <identifier>toolbarWrapper</identifier>
                <componentName>toolbarWrapper</componentName>
            </componentInstance>
        </itemInstances>
        <name>region2</name>
        <type>Region</type>
    </flexiPageRegions>
    <flexiPageRegions>
        <itemInstances>
            <componentInstance>
                <identifier>panelBarWrapper</identifier>
                <componentName>panelBarWrapper</componentName>
            </componentInstance>
        </itemInstances>
        <itemInstances>
            <componentInstance>
                <identifier>tabsWrapper</identifier>
                <componentName>tabsWrapper</componentName>
            </componentInstance>
        </itemInstances>
        <name>region3</name>
        <type>Region</type>
    </flexiPageRegions>
    <masterLabel>Layout</masterLabel>
    <template>
        <name>flexipage:appHomeTemplateHeaderTwoColumnsEqualWidth</name>
    </template>
    <type>AppPage</type>
</FlexiPage>
