<?xml version="1.0" encoding="UTF-8" ?>
<FlexiPage xmlns="http://soap.sforce.com/2006/04/metadata">
    <flexiPageRegions>
        <itemInstances>
            <componentInstance>
                <identifier>createMixedRecordsWireFunctionsWrapper</identifier>
                <componentName
                >createMixedRecordsWireFunctionsWrapper</componentName>
            </componentInstance>
        </itemInstances>
        <name>column1</name>
        <type>Region</type>
    </flexiPageRegions>
    <flexiPageRegions>
        <itemInstances>
            <componentInstance>
                <identifier>createMixedRecordsApexWrapper</identifier>
                <componentName>createMixedRecordsApexWrapper</componentName>
            </componentInstance>
        </itemInstances>
        <name>column2</name>
        <type>Region</type>
    </flexiPageRegions>
    <masterLabel>Mixed Single Record</masterLabel>
    <template>
        <name>flexipage:appHomeTemplateTwoColumns</name>
    </template>
    <type>AppPage</type>
</FlexiPage>
