<?xml version="1.0" encoding="UTF-8" ?>
<FlexiPage xmlns="http://soap.sforce.com/2006/04/metadata">
    <flexiPageRegions>
        <itemInstances>
            <componentInstance>
                <identifier>listRecordLinksWrapper</identifier>
                <componentName>listRecordLinksWrapper</componentName>
            </componentInstance>
        </itemInstances>
        <itemInstances>
            <componentInstance>
                <identifier>listWithParentRecordDataWrapper</identifier>
                <componentName>listWithParentRecordDataWrapper</componentName>
            </componentInstance>
        </itemInstances>
        <itemInstances>
            <componentInstance>
                <identifier>editableListWrapper</identifier>
                <componentName>editableListWrapper</componentName>
            </componentInstance>
        </itemInstances>
        <itemInstances>
            <componentInstance>
                <identifier>listInfiniteScrollingWrapper</identifier>
                <componentName>listInfiniteScrollingWrapper</componentName>
            </componentInstance>
        </itemInstances>
        <itemInstances>
            <componentInstance>
                <identifier>paginatedListWrapper</identifier>
                <componentName>paginatedListWrapper</componentName>
            </componentInstance>
        </itemInstances>
        <name>main</name>
        <type>Region</type>
    </flexiPageRegions>
    <masterLabel>Lists and Tables</masterLabel>
    <template>
        <name>flexipage:defaultAppHomeTemplate</name>
    </template>
    <type>AppPage</type>
</FlexiPage>
