<?xml version="1.0" encoding="UTF-8"?>
<Flow xmlns="http://soap.sforce.com/2006/04/metadata">
    <status>ACTIVE</status>
    <actionCalls>
        <name>openReservationRecord</name>
        <label>openReservationRecord</label>
        <locationX>260</locationX>
        <locationY>360</locationY>
        <actionName>c:openRecordAction</actionName>
        <actionType>component</actionType>
        <inputParameters>
            <name>recordId</name>
            <value>
                <elementReference>varReservId</elementReference>
            </value>
        </inputParameters>
        <inputParameters>
            <name>sobject</name>
            <value>
                <elementReference>constReservation</elementReference>
            </value>
        </inputParameters>
    </actionCalls>
    <constants>
        <name>constReservation</name>
        <dataType>String</dataType>
        <value>
            <stringValue>Reservation__c</stringValue>
        </value>
    </constants>
    <decisions>
        <name>setFinishBehavior</name>
        <label>setFinishBehavior</label>
        <locationX>256</locationX>
        <locationY>253</locationY>
        <defaultConnectorLabel>[Default Outcome]</defaultConnectorLabel>
        <rules>
            <name>GoToRecordHome</name>
            <conditionLogic>and</conditionLogic>
            <conditions>
                <leftValueReference>varfinishOnRecord</leftValueReference>
                <operator>EqualTo</operator>
                <rightValue>
                    <booleanValue>true</booleanValue>
                </rightValue>
            </conditions>
            <connector>
                <targetReference>openReservationRecord</targetReference>
            </connector>
            <label>GoToRecordHome</label>
        </rules>
    </decisions>
    <interviewLabel>spaceDesigner {!$Flow.CurrentDateTime}</interviewLabel>
    <label>spaceDesigner</label>
    <processType>Flow</processType>
    <recordUpdates>
        <name>updateReservation</name>
        <label>updateReservation</label>
        <locationX>94</locationX>
        <locationY>175</locationY>
        <connector>
            <targetReference>setFinishBehavior</targetReference>
        </connector>
        <filters>
            <field>Id</field>
            <operator>EqualTo</operator>
            <value>
                <elementReference>varReservId</elementReference>
            </value>
        </filters>
        <inputAssignments>
            <field>Space__c</field>
            <value>
                <elementReference>varSpaceId</elementReference>
            </value>
        </inputAssignments>
        <inputAssignments>
            <field>Status__c</field>
            <value>
                <stringValue>Proposal Ready</stringValue>
            </value>
        </inputAssignments>
        <object>Reservation__c</object>
    </recordUpdates>
    <screens>
        <name>spaceDesigner</name>
        <label>spaceDesigner</label>
        <locationX>92</locationX>
        <locationY>71</locationY>
        <allowBack>false</allowBack>
        <allowFinish>true</allowFinish>
        <allowPause>false</allowPause>
        <connector>
            <targetReference>updateReservation</targetReference>
        </connector>
        <fields>
            <name>smartGallery</name>
            <extensionName>c:smartGallery</extensionName>
            <fieldType>ComponentInstance</fieldType>
            <inputParameters>
                <name>marketId</name>
                <value>
                    <elementReference>varMarketId</elementReference>
                </value>
            </inputParameters>
            <isRequired>true</isRequired>
            <outputParameters>
                <assignToReference>varSpaceId</assignToReference>
                <name>selectedSpace</name>
            </outputParameters>
            <outputParameters>
                <assignToReference>varfinishOnRecord</assignToReference>
                <name>popTabOnFinish</name>
            </outputParameters>
        </fields>
        <showFooter>false</showFooter>
        <showHeader>false</showHeader>
    </screens>
    <startElementReference>spaceDesigner</startElementReference>
    <variables>
        <name>varfinishOnRecord</name>
        <dataType>Boolean</dataType>
        <isCollection>false</isCollection>
        <isInput>true</isInput>
        <isOutput>false</isOutput>
    </variables>
    <variables>
        <name>varMarketId</name>
        <dataType>String</dataType>
        <isCollection>false</isCollection>
        <isInput>true</isInput>
        <isOutput>false</isOutput>
    </variables>
    <variables>
        <name>varReservId</name>
        <dataType>String</dataType>
        <isCollection>false</isCollection>
        <isInput>true</isInput>
        <isOutput>false</isOutput>
    </variables>
    <variables>
        <name>varSpaceId</name>
        <dataType>String</dataType>
        <isCollection>false</isCollection>
        <isInput>true</isInput>
        <isOutput>true</isOutput>
    </variables>
</Flow>
