<?xml version="1.0" encoding="UTF-8" ?>
<LightningComponentBundle xmlns="http://soap.sforce.com/2006/04/metadata">
    <apiVersion>51.0</apiVersion>
    <isExposed>true</isExposed>
    <masterLabel>Lightning Record Detail</masterLabel>
    <targets>
        <target>lightningCommunity__Page</target>
        <target>lightningCommunity__Default</target>
        <target>lightning__RecordPage</target>
    </targets>
    <targetConfigs>
        <targetConfig targets="lightningCommunity__Default">
            <property
                name="objectApiName"
                type="String"
                label="Object API Name"
                description="Automatically bind the page's object name to the component variable"
                default="{!objectApiName}"
            />
        </targetConfig>
    </targetConfigs>
</LightningComponentBundle>
