{
    "orgName": "LWC Recipes",
    "edition": "Developer",
    "hasSampleData": false,
    "features": ["Walkthroughs", "EnableSetPasswordInApi"],
    "settings": {
        "lightningExperienceSettings": {
            "enableS1DesktopEnabled": true,
            "enableLightningPreviewPref": true
        },
        "mobileSettings": {
            "enableS1EncryptedStoragePref2": false
        },
        "userEngagementSettings": {
            "enableOrchestrationInSandbox": true,
            "enableShowSalesforceUserAssist": false
        }
    }
}
