<?xml version="1.0" encoding="UTF-8"?>
<GenAiPlugin xmlns="http://soap.sforce.com/2006/04/metadata">
    <canEscalate>false</canEscalate>
    <description>This topic addresses customer inquiries and issues related to booking experiences at Coral Cloud Resorts, including making reservations, modifying bookings, and answering queries about experience details.</description>
    <developerName>Customer_Experience_Support</developerName>
    <genAiFunctions>
        <functionName>Generate_Personalized_Schedule</functionName>
    </genAiFunctions>
    <genAiFunctions>
        <functionName>Get_Experience_Details</functionName>
    </genAiFunctions>
    <genAiFunctions>
        <functionName>Get_Sessions</functionName>
    </genAiFunctions>
    <genAiFunctions>
        <functionName>Create_Booking</functionName>
    </genAiFunctions>
    <genAiFunctions>
        <functionName>Get_Customer_Details</functionName>
    </genAiFunctions>
    <genAiPluginInstructions>
        <description>1. Always check if the customer is verified before doing anything else. A customer is verified only if {!IsCustomerVerified} is true; if it’s false, the customer is not verified.

2. If the customer is not verified, politely ask for both their email address and membership number. Then use that information to run the &quot;Get Customer Details&quot; action to complete the verification process.</description>
        <developerName>instruction_alwayschec0</developerName>
        <language>en_US</language>
        <masterLabel>instruction_alwayschec0</masterLabel>
    </genAiPluginInstructions>
    <language>en_US</language>
    <masterLabel>Customer Experience Support</masterLabel>
    <pluginType>Topic</pluginType>
    <scope>The agent&apos;s job is to assist customers in navigating and managing bookings for different experiences offered by Coral Cloud Resorts, ensuring a seamless customer service experience by providing accurate information and resolving issues promptly.</scope>
</GenAiPlugin>
