<?xml version="1.0" encoding="UTF-8" ?>
<LightningComponentBundle xmlns="http://soap.sforce.com/2006/04/metadata">
    <apiVersion>52.0</apiVersion>
    <isExposed>true</isExposed>
    <masterLabel>Blog list</masterLabel>
    <description>List of blog posts</description>
    <targets>
        <target>lightningCommunity__Page</target>
        <target>lightningCommunity__Default</target>
    </targets>
    <targetConfigs>
        <targetConfig targets="lightningCommunity__Default">
            <property
                type="String"
                name="pageTitle"
                label="Page title"
                default="Your blog page title"
            />
            <property
                type="Integer"
                name="maxEntries"
                label="Maximum entries"
                default="9"
            />
        </targetConfig>
    </targetConfigs>
</LightningComponentBundle>
