{
    "records": [
        {
            "attributes": {
                "type": "Lead",
                "referenceId": "LeadRef1"
            },
            "City": "San Diego",
            "Company": "Hettinger and Sons",
            "Country": "US",
            "Email": "fpatterfield0@engadget.com",
            "FirstName": "Serena",
            "Industry": "Major Banks",
            "LastName": "Patterfield",
            "MobilePhone": "+1 (619) 307-7599",
            "PostalCode": "92165",
            "State": "CA",
            "Street": "446 Glendale Place",
            "Title": "VP New Markets"
        },
        {
            "attributes": {
                "type": "Lead",
                "referenceId": "LeadRef2"
            },
            "City": "New Castle",
            "Company": "Skitral Household",
            "Country": "US",
            "Email": "eskitral1@mtv.com",
            "FirstName": "Ermin",
            "LastName": "Skitral",
            "MobilePhone": "+1 (724) 323-9766",
            "PostalCode": "16107",
            "State": "PA",
            "Street": "66980 Marcy Street"
        },
        {
            "attributes": {
                "type": "Lead",
                "referenceId": "LeadRef3"
            },
            "City": "New York",
            "Company": "Braun-Murray",
            "Country": "US",
            "Email": "lgeratt2@icq.com",
            "FirstName": "Lorrie",
            "Industry": "Sustainable Engineering",
            "LastName": "Geratt",
            "MobilePhone": "+1 (919) 863-9332",
            "NumberOfEmployees": 4807,
            "PostalCode": "11365",
            "State": "NY",
            "Street": "04666 Havey Plaza",
            "Title": "Founder, CTO"
        },
        {
            "attributes": {
                "type": "Lead",
                "referenceId": "LeadRef4"
            },
            "City": "Austin",
            "Company": "Leung Photography",
            "Country": "US",
            "Email": "tleung@tripod.com",
            "FirstName": "Tam",
            "LastName": "Leung",
            "MobilePhone": "+1 (563) 716-2944",
            "PostalCode": "78701",
            "State": "TX",
            "Street": "01 Sachs Pass",
            "Title": "Chief Operations Officer"
        },
        {
            "attributes": {
                "type": "Lead",
                "referenceId": "LeadRef5"
            },
            "City": "Minneapolis",
            "Company": "Bartell Group",
            "Country": "US",
            "Email": "gpowles4@loglines.com",
            "FirstName": "Gerta",
            "Industry": "Forestry",
            "LastName": "Pickles",
            "MobilePhone": "+1 (954) 182-5189",
            "PostalCode": "55401",
            "State": "MN",
            "Street": "8036 Lunder Center",
            "Title": "GIS Technical Architect"
        },
        {
            "attributes": {
                "type": "Lead",
                "referenceId": "LeadRef6"
            },
            "City": "Portland",
            "Company": "Palley Household",
            "Country": "US",
            "Email": "dpalley5@woothemes.com",
            "FirstName": "Dahlia",
            "LastName": "Palley",
            "MobilePhone": "+1 (603) 542-2863",
            "PostalCode": "97212",
            "State": "OR",
            "Street": "080 Kipling Drive"
        },
        {
            "attributes": {
                "type": "Lead",
                "referenceId": "LeadRef7"
            },
            "City": "Tacoma",
            "Company": "Greenholt, Mosciski and Reilly",
            "Country": "US",
            "Email": "ewestover@gmrmail.com",
            "FirstName": "Esmeralda",
            "Industry": "Business Services",
            "LastName": "Westover",
            "MobilePhone": "+1 (402) 127-6504",
            "PostalCode": "98407",
            "State": "WA",
            "Street": "92 Talmadge Parkway",
            "Title": "VP, Real Estate"
        },
        {
            "attributes": {
                "type": "Lead",
                "referenceId": "LeadRef8"
            },
            "City": "Santa Cruz",
            "Company": "Prosacco, Herzog and Konopelski",
            "Country": "US",
            "Email": "klivoir7@technorati.com",
            "FirstName": "Kane",
            "Industry": "Computer Software: Prepackaged Software",
            "LastName": "Livoir",
            "MobilePhone": "+1 (225) 180-7791",
            "PostalCode": "95060",
            "State": "CA",
            "Street": "60 Meadow Ridge Road",
            "Title": "Lead Engineering Manager"
        },
        {
            "attributes": {
                "type": "Lead",
                "referenceId": "LeadRef9"
            },
            "City": "Houston",
            "Company": "Haley, Leffler and Bailey",
            "Country": "US",
            "Email": "dthay8@uol.com.br",
            "FirstName": "Doll",
            "Industry": "Electronic Components",
            "LastName": "Thay",
            "MobilePhone": "+1 (713) 679-7415",
            "PostalCode": "77234",
            "State": "TX",
            "Street": "70904 Monument Alley",
            "Title": "VP Resource Planning"
        },
        {
            "attributes": {
                "type": "Lead",
                "referenceId": "LeadRef10"
            },
            "City": "Chicago",
            "Company": "Gislason-Hane",
            "Country": "US",
            "Email": "knoyes9@gh.com",
            "FirstName": "Katerina",
            "Industry": "Industrial Machinery/Components",
            "LastName": "Noyes",
            "MobilePhone": "+1 (817) 196-5264",
            "NumberOfEmployees": 4060,
            "PostalCode": "60606",
            "State": "IL",
            "Street": "9390 Farmco Hill",
            "Title": "CEO, Founder"
        },
        {
            "attributes": {
                "type": "Lead",
                "referenceId": "LeadRef11"
            },
            "City": "Irvington",
            "Company": "Haley Group",
            "Country": "US",
            "Email": "emitchinsona@haleygroup.org",
            "FirstName": "Ed",
            "Industry": "Major Banks",
            "LastName": "Xiang",
            "MobilePhone": "+1 (316) 794-2996",
            "PostalCode": "10533",
            "State": "NY",
            "Street": "8149 Waywood Circle",
            "Title": "President"
        }   
    ]
}