<?xml version="1.0" encoding="UTF-8" ?>
<DuplicateRule
    xmlns="http://soap.sforce.com/2006/04/metadata"
    xmlns:xsi="http://www.w3.org/2001/XMLSchema-instance"
>
    <actionOnInsert>Allow</actionOnInsert>
    <actionOnUpdate>Allow</actionOnUpdate>
    <alertText xsi:nil="true" />
    <description>Duplicate rule for contact records.</description>
    <duplicateRuleFilter xsi:nil="true" />
    <duplicateRuleMatchRules>
        <matchRuleSObjectType>Contact</matchRuleSObjectType>
        <matchingRule>Standard_Contact_Match_Rule_v1_1</matchingRule>
        <objectMapping xsi:nil="true" />
    </duplicateRuleMatchRules>
    <isActive>true</isActive>
    <masterLabel>Standard Contact Duplicate Rule</masterLabel>
    <operationsOnUpdate>Report</operationsOnUpdate>
    <securityOption>EnforceSharingRules</securityOption>
    <sortOrder>1</sortOrder>
</DuplicateRule>
