<?xml version="1.0" encoding="UTF-8" ?>
<Profile xmlns="http://soap.sforce.com/2006/04/metadata">
    <classAccesses>
        <apexClass>ChangePasswordController</apexClass>
        <enabled>false</enabled>
    </classAccesses>
    <classAccesses>
        <apexClass>ChangePasswordControllerTest</apexClass>
        <enabled>false</enabled>
    </classAccesses>
    <classAccesses>
        <apexClass>CommunitiesLandingController</apexClass>
        <enabled>false</enabled>
    </classAccesses>
    <classAccesses>
        <apexClass>CommunitiesLandingControllerTest</apexClass>
        <enabled>false</enabled>
    </classAccesses>
    <classAccesses>
        <apexClass>CommunitiesLoginController</apexClass>
        <enabled>false</enabled>
    </classAccesses>
    <classAccesses>
        <apexClass>CommunitiesLoginControllerTest</apexClass>
        <enabled>false</enabled>
    </classAccesses>
    <classAccesses>
        <apexClass>CommunitiesSelfRegConfirmController</apexClass>
        <enabled>false</enabled>
    </classAccesses>
    <classAccesses>
        <apexClass>CommunitiesSelfRegConfirmControllerTest</apexClass>
        <enabled>false</enabled>
    </classAccesses>
    <classAccesses>
        <apexClass>CommunitiesSelfRegController</apexClass>
        <enabled>false</enabled>
    </classAccesses>
    <classAccesses>
        <apexClass>CommunitiesSelfRegControllerTest</apexClass>
        <enabled>false</enabled>
    </classAccesses>
    <classAccesses>
        <apexClass>ForgotPasswordController</apexClass>
        <enabled>false</enabled>
    </classAccesses>
    <classAccesses>
        <apexClass>ForgotPasswordControllerTest</apexClass>
        <enabled>false</enabled>
    </classAccesses>
    <classAccesses>
        <apexClass>ManagedContentController</apexClass>
        <enabled>true</enabled>
    </classAccesses>
    <classAccesses>
        <apexClass>MyProfilePageController</apexClass>
        <enabled>false</enabled>
    </classAccesses>
    <classAccesses>
        <apexClass>MyProfilePageControllerTest</apexClass>
        <enabled>false</enabled>
    </classAccesses>
    <classAccesses>
        <apexClass>NavigationLinkSetPickList</apexClass>
        <enabled>true</enabled>
    </classAccesses>
    <classAccesses>
        <apexClass>NavigationMenuItemsController</apexClass>
        <enabled>true</enabled>
    </classAccesses>
    <classAccesses>
        <apexClass>SiteLoginController</apexClass>
        <enabled>false</enabled>
    </classAccesses>
    <classAccesses>
        <apexClass>SiteLoginControllerTest</apexClass>
        <enabled>false</enabled>
    </classAccesses>
    <classAccesses>
        <apexClass>SiteRegisterController</apexClass>
        <enabled>false</enabled>
    </classAccesses>
    <classAccesses>
        <apexClass>SiteRegisterControllerTest</apexClass>
        <enabled>false</enabled>
    </classAccesses>
    <custom>true</custom>
    <fieldPermissions>
        <editable>true</editable>
        <field>LWR_Demo_Lead__c.Address__c</field>
        <readable>true</readable>
    </fieldPermissions>
    <fieldPermissions>
        <editable>true</editable>
        <field>LWR_Demo_Lead__c.Email__c</field>
        <readable>true</readable>
    </fieldPermissions>
    <fieldPermissions>
        <editable>true</editable>
        <field>LWR_Demo_Lead__c.First_Name__c</field>
        <readable>true</readable>
    </fieldPermissions>
    <fieldPermissions>
        <editable>true</editable>
        <field>LWR_Demo_Lead__c.Last_Name__c</field>
        <readable>true</readable>
    </fieldPermissions>
    <fieldPermissions>
        <editable>true</editable>
        <field>LWR_Demo_Lead__c.Quote_Type__c</field>
        <readable>true</readable>
    </fieldPermissions>
    <fieldPermissions>
        <editable>true</editable>
        <field>LWR_Demo_Lead__c.Status__c</field>
        <readable>true</readable>
    </fieldPermissions>
    <objectPermissions>
        <allowCreate>true</allowCreate>
        <allowDelete>false</allowDelete>
        <allowEdit>true</allowEdit>
        <allowRead>true</allowRead>
        <modifyAllRecords>false</modifyAllRecords>
        <object>LWR_Demo_Lead__c</object>
        <viewAllRecords>false</viewAllRecords>
    </objectPermissions>
    <pageAccesses>
        <apexPage>AnswersHome</apexPage>
        <enabled>false</enabled>
    </pageAccesses>
    <pageAccesses>
        <apexPage>BandwidthExceeded</apexPage>
        <enabled>true</enabled>
    </pageAccesses>
    <pageAccesses>
        <apexPage>ChangePassword</apexPage>
        <enabled>false</enabled>
    </pageAccesses>
    <pageAccesses>
        <apexPage>CommunitiesLanding</apexPage>
        <enabled>true</enabled>
    </pageAccesses>
    <pageAccesses>
        <apexPage>CommunitiesLogin</apexPage>
        <enabled>true</enabled>
    </pageAccesses>
    <pageAccesses>
        <apexPage>CommunitiesSelfReg</apexPage>
        <enabled>true</enabled>
    </pageAccesses>
    <pageAccesses>
        <apexPage>CommunitiesSelfRegConfirm</apexPage>
        <enabled>false</enabled>
    </pageAccesses>
    <pageAccesses>
        <apexPage>CommunitiesTemplate</apexPage>
        <enabled>false</enabled>
    </pageAccesses>
    <pageAccesses>
        <apexPage>Exception</apexPage>
        <enabled>true</enabled>
    </pageAccesses>
    <pageAccesses>
        <apexPage>FileNotFound</apexPage>
        <enabled>true</enabled>
    </pageAccesses>
    <pageAccesses>
        <apexPage>ForgotPassword</apexPage>
        <enabled>false</enabled>
    </pageAccesses>
    <pageAccesses>
        <apexPage>ForgotPasswordConfirm</apexPage>
        <enabled>false</enabled>
    </pageAccesses>
    <pageAccesses>
        <apexPage>IdeasHome</apexPage>
        <enabled>false</enabled>
    </pageAccesses>
    <pageAccesses>
        <apexPage>InMaintenance</apexPage>
        <enabled>true</enabled>
    </pageAccesses>
    <pageAccesses>
        <apexPage>MyProfilePage</apexPage>
        <enabled>false</enabled>
    </pageAccesses>
    <pageAccesses>
        <apexPage>SiteLogin</apexPage>
        <enabled>false</enabled>
    </pageAccesses>
    <pageAccesses>
        <apexPage>SiteRegister</apexPage>
        <enabled>false</enabled>
    </pageAccesses>
    <pageAccesses>
        <apexPage>SiteRegisterConfirm</apexPage>
        <enabled>false</enabled>
    </pageAccesses>
    <pageAccesses>
        <apexPage>SiteTemplate</apexPage>
        <enabled>false</enabled>
    </pageAccesses>
    <pageAccesses>
        <apexPage>StdExceptionTemplate</apexPage>
        <enabled>false</enabled>
    </pageAccesses>
    <pageAccesses>
        <apexPage>Unauthorized</apexPage>
        <enabled>false</enabled>
    </pageAccesses>
    <pageAccesses>
        <apexPage>UnderConstruction</apexPage>
        <enabled>false</enabled>
    </pageAccesses>
    <tabVisibilities>
        <tab>LWR_Demo_Lead__c</tab>
        <visibility>Hidden</visibility>
    </tabVisibilities>
    <userLicense>Guest User License</userLicense>
</Profile>
