<?xml version="1.0" encoding="UTF-8" ?>
<Flow xmlns="http://soap.sforce.com/2006/04/metadata">
    <apiVersion>56.0</apiVersion>
    <assignments>
        <name>Populate_Long_Range</name>
        <label>Populate Long Range</label>
        <locationX>578</locationX>
        <locationY>431</locationY>
        <assignmentItems>
            <assignToReference>$Record.Range__c</assignToReference>
            <operator>Assign</operator>
            <value>
                <stringValue>Long_Range</stringValue>
            </value>
        </assignmentItems>
    </assignments>
    <assignments>
        <name>Populate_Medium_Range</name>
        <label>Populate Medium Range</label>
        <locationX>314</locationX>
        <locationY>431</locationY>
        <assignmentItems>
            <assignToReference>$Record.Range__c</assignToReference>
            <operator>Assign</operator>
            <value>
                <stringValue>Medium_Range</stringValue>
            </value>
        </assignmentItems>
    </assignments>
    <assignments>
        <name>Populate_Short_Range</name>
        <label>Populate Short Range</label>
        <locationX>50</locationX>
        <locationY>431</locationY>
        <assignmentItems>
            <assignToReference>$Record.Range__c</assignToReference>
            <operator>Assign</operator>
            <value>
                <stringValue>Short_Range</stringValue>
            </value>
        </assignmentItems>
    </assignments>
    <decisions>
        <name>Check_Price_Range</name>
        <label>Check Price Range</label>
        <locationX>446</locationX>
        <locationY>311</locationY>
        <defaultConnectorLabel>Default Outcome</defaultConnectorLabel>
        <rules>
            <name>Short_Range</name>
            <conditionLogic>and</conditionLogic>
            <conditions>
                <leftValueReference>$Record.Price__c</leftValueReference>
                <operator>LessThan</operator>
                <rightValue>
                    <numberValue>10000.0</numberValue>
                </rightValue>
            </conditions>
            <connector>
                <targetReference>Populate_Short_Range</targetReference>
            </connector>
            <label>Short Range</label>
        </rules>
        <rules>
            <name>Medium_Range</name>
            <conditionLogic>and</conditionLogic>
            <conditions>
                <leftValueReference>$Record.Price__c</leftValueReference>
                <operator>GreaterThan</operator>
                <rightValue>
                    <numberValue>10000.0</numberValue>
                </rightValue>
            </conditions>
            <conditions>
                <leftValueReference>$Record.Price__c</leftValueReference>
                <operator>LessThanOrEqualTo</operator>
                <rightValue>
                    <numberValue>25000.0</numberValue>
                </rightValue>
            </conditions>
            <connector>
                <targetReference>Populate_Medium_Range</targetReference>
            </connector>
            <label>Medium Range</label>
        </rules>
        <rules>
            <name>Long_Range</name>
            <conditionLogic>and</conditionLogic>
            <conditions>
                <leftValueReference>$Record.Price__c</leftValueReference>
                <operator>GreaterThan</operator>
                <rightValue>
                    <numberValue>25000.0</numberValue>
                </rightValue>
            </conditions>
            <connector>
                <targetReference>Populate_Long_Range</targetReference>
            </connector>
            <label>Long Range</label>
        </rules>
    </decisions>
    <interviewLabel
    >Populate Range Field {!$Flow.CurrentDateTime}</interviewLabel>
    <label>Populate Vehicle Range</label>
    <processMetadataValues>
        <name>BuilderType</name>
        <value>
            <stringValue>LightningFlowBuilder</stringValue>
        </value>
    </processMetadataValues>
    <processMetadataValues>
        <name>CanvasMode</name>
        <value>
            <stringValue>AUTO_LAYOUT_CANVAS</stringValue>
        </value>
    </processMetadataValues>
    <processMetadataValues>
        <name>OriginBuilderType</name>
        <value>
            <stringValue>LightningFlowBuilder</stringValue>
        </value>
    </processMetadataValues>
    <processType>AutoLaunchedFlow</processType>
    <start>
        <locationX>320</locationX>
        <locationY>0</locationY>
        <connector>
            <targetReference>Check_Price_Range</targetReference>
        </connector>
        <filterLogic>and</filterLogic>
        <filters>
            <field>Price__c</field>
            <operator>IsNull</operator>
            <value>
                <booleanValue>false</booleanValue>
            </value>
        </filters>
        <object>Vehicle__c</object>
        <recordTriggerType>CreateAndUpdate</recordTriggerType>
        <triggerType>RecordBeforeSave</triggerType>
    </start>
    <status>Active</status>
</Flow>
