{
    "records": [
        {
            "attributes": {
                "type": "Contact",
                "referenceId": "ContactRef1"
            },
            "Email": "phaidra.rayer@sw-global.com",
            "FirstName": "Phaidra",
            "LastName": "Rayer",
            "MailingCity": "San Bruno",
            "MailingCountry": "US",
            "MailingPostalCode": "94066",
            "MailingState": "CA",
            "MailingStreet": "87 Northland Place",
            "MobilePhone": "+1 (408) 505-1578",
            "AccountId": "@AccountRef1",
            "Reservation_Status__c": "Draft"
        },
        {
            "attributes": {
                "type": "Contact",
                "referenceId": "ContactRef2"
            },
            "Email": "maya.belle@cafepress.com",
            "FirstName": "Maya",
            "LastName": "Obelle",
            "MailingCity": "New York",
            "MailingCountry": "US",
            "MailingPostalCode": "11215",
            "MailingState": "NY",
            "MailingStreet": "289 Boyd Center",
            "MobilePhone": "+1 (520) 547-2228",
            "AccountId": "@AccountRef2",
            "Reservation_Status__c": "Not Started"
        },
        {
            "attributes": {
                "type": "Contact",
                "referenceId": "ContactRef3"
            },
            "Email": "pvedenichevd@usgs.gov",
            "FirstName": "Peg",
            "LastName": "Vedenichev",
            "MailingCity": "Evanston",
            "MailingCountry": "US",
            "MailingPostalCode": "60202",
            "MailingState": "IL",
            "MailingStreet": "1 Bluestem Junction",
            "MobilePhone": "+1 (616) 964-6356",
            "AccountId": "@AccountRef3",
            "Reservation_Status__c": "Draft"
        },
        {
            "attributes": {
                "type": "Contact",
                "referenceId": "ContactRef4"
            },
            "Email": "nambrosi@kemmer-moen.com",
            "FirstName": "Nagendra",
            "LastName": "Ambrosi",
            "MailingCity": "San Antonio",
            "MailingCountry": "US",
            "MailingPostalCode": "78208",
            "MailingState": "TX",
            "MailingStreet": "81961 Shelley Pass",
            "MobilePhone": "+1 (479) 796-4668",
            "AccountId": "@AccountRef4"
        },
        {
            "attributes": {
                "type": "Contact",
                "referenceId": "ContactRef5"
            },
            "Email": "bnatuka@comnet.com",
            "FirstName": "Brittney",
            "LastName": "Nakuta",
            "MailingCity": "Vancouver",
            "MailingCountry": "US",
            "MailingPostalCode": "98664",
            "MailingState": "WA",
            "MailingStreet": "3 Hollow Ridge Terrace",
            "MobilePhone": "+1 (360) 119-5330",
            "AccountId": "@AccountRef5"
        },
        {
            "attributes": {
                "type": "Contact",
                "referenceId": "ContactRef6"
            },
            "Email": "bigfish@cable-net.com",
            "FirstName": "Enrique",
            "LastName": "Mas",
            "MailingCity": "Cupertino",
            "MailingCountry": "US",
            "MailingPostalCode": "94024",
            "MailingState": "CA",
            "MailingStreet": "943 Dwight Park",
            "MobilePhone": "+1 (616) 938-8233",
            "AccountId": "@AccountRef6"
        },
        {
            "attributes": {
                "type": "Contact",
                "referenceId": "ContactRef7"
            },
            "Email": "jsmollens@vip.com",
            "FirstName": "Jake",
            "LastName": "Smollens",
            "MailingCity": "Port Townsend",
            "MailingCountry": "US",
            "MailingPostalCode": "98368",
            "MailingState": "WA",
            "MailingStreet": "8197 North Place",
            "MobilePhone": "+1 (765) 314-0695",
            "AccountId": "@AccountRef7"
        },
        {
            "attributes": {
                "type": "Contact",
                "referenceId": "ContactRef8"
            },
            "Email": "c.ortiz@songpress.net",
            "FirstName": "Cathy",
            "LastName": "Ortiz",
            "MailingCity": "Denver",
            "MailingCountry": "US",
            "MailingPostalCode": "80205",
            "MailingState": "CO",
            "MailingStreet": "289 Boyd Center",
            "MobilePhone": "+1 (520) 547-2228",
            "AccountId": "@AccountRef8",
            "Reservation_Status__c": "Not Started"
        },
        {
            "attributes": {
                "type": "Contact",
                "referenceId": "ContactRef9"
            },
            "Email": "j.bhamik@bizjournals.com",
            "FirstName": "Jhumpa",
            "LastName": "Bhaumik",
            "MailingCity": "Los Angeles",
            "MailingCountry": "US",
            "MailingPostalCode": "90032",
            "MailingState": "CA",
            "MailingStreet": "289 Boyd Center",
            "MobilePhone": "+1 (520) 547-2228",
            "AccountId": "@AccountRef9",
            "Reservation_Status__c": "Not Started"
        },
        {
            "attributes": {
                "type": "Contact",
                "referenceId": "ContactRef10"
            },
            "Email": "tmatiewej@cafepress.com",
            "FirstName": "Tallia",
            "LastName": "Matiewe",
            "MailingCity": "Astoria",
            "MailingCountry": "US",
            "MailingPostalCode": "85743",
            "MailingState": "OR",
            "MailingStreet": "289 Boyd Center",
            "MobilePhone": "+1 (520) 547-2228",
            "AccountId": "@AccountRef10",
            "Reservation_Status__c": "Not Started"
        },
        {
            "attributes": {
                "type": "Contact",
                "referenceId": "ContactRef11"
            },
            "Email": "sdunn@oak-leaf.net",
            "FirstName": "Sulema",
            "LastName": "Dunn",
            "MailingCity": "Peoria",
            "MailingCountry": "US",
            "MailingPostalCode": "61605",
            "MailingState": "IL",
            "MailingStreet": "8 Mosinee Place",
            "MobilePhone": "+1 (309) 155-8304",
            "AccountId": "@AccountRef11"
        },
        {
            "attributes": {
                "type": "Contact",
                "referenceId": "ContactRef12"
            },
            "Email": "claxtonf@hibu.com",
            "FirstName": "Frieda",
            "LastName": "Claxton",
            "MailingCity": "Golden Valley",
            "MailingCountry": "US",
            "MailingPostalCode": "55405",
            "MailingState": "MN",
            "MailingStreet": "938 Cherokee Street",
            "MobilePhone": "+1 (952) 367-3093",
            "AccountId": "@AccountRef12"
        }
    ]
}
