<?xml version="1.0" encoding="UTF-8" ?>
<FlexiPage xmlns="http://soap.sforce.com/2006/04/metadata">
    <flexiPageRegions>
        <componentInstances>
            <componentInstanceProperties>
                <name>componentHeight</name>
                <value>700px</value>
            </componentInstanceProperties>
            <componentName>traderDesktop</componentName>
        </componentInstances>
        <name>main</name>
        <type>Region</type>
    </flexiPageRegions>
    <masterLabel>Trader Desktop</masterLabel>
    <template>
        <name>flexipage:defaultAppHomeTemplate</name>
    </template>
    <type>AppPage</type>
</FlexiPage>
