<?xml version="1.0" encoding="UTF-8" ?>
<CustomField xmlns="http://soap.sforce.com/2006/04/metadata">
    <fullName>Object__c</fullName>
    <externalId>false</externalId>
    <fieldManageability>DeveloperControlled</fieldManageability>
    <label>Object</label>
    <referenceTo>EntityDefinition</referenceTo>
    <relationshipLabel>Bucketed_Picklist</relationshipLabel>
    <relationshipName>Bucketed_Picklist</relationshipName>
    <required>true</required>
    <type>MetadataRelationship</type>
    <unique>false</unique>
</CustomField>
