<?xml version="1.0" encoding="UTF-8" ?>
<CustomField xmlns="http://soap.sforce.com/2006/04/metadata">
    <fullName>Status__c</fullName>
    <externalId>false</externalId>
    <label>Status</label>
    <required>false</required>
    <trackTrending>false</trackTrending>
    <type>Picklist</type>
    <valueSet>
        <restricted>true</restricted>
        <valueSetDefinition>
            <sorted>false</sorted>
            <value>
                <fullName>Draft</fullName>
                <default>true</default>
                <label>Draft</label>
            </value>
            <value>
                <fullName>Submitted to Distributors</fullName>
                <default>false</default>
                <label>Submitted to Distributors</label>
            </value>
            <value>
                <fullName>Ordered by Distributor</fullName>
                <default>false</default>
                <label>Ordered by Distributor</label>
            </value>
            <value>
                <fullName>Shipped</fullName>
                <default>false</default>
                <label>Shipped</label>
            </value>
            <value>
                <fullName>Approved by Manufacturing</fullName>
                <default>false</default>
                <isActive>false</isActive>
                <label>Approved by Manufacturing</label>
            </value>
            <value>
                <fullName>Ordered</fullName>
                <default>false</default>
                <isActive>false</isActive>
                <label>Ordered</label>
            </value>
            <value>
                <fullName>Submitted to Distributor</fullName>
                <default>false</default>
                <isActive>false</isActive>
                <label>Submitted to Distributor</label>
            </value>
            <value>
                <fullName>Submitted to Manufacturing</fullName>
                <default>false</default>
                <isActive>false</isActive>
                <label>Submitted to Manufacturing</label>
            </value>
        </valueSetDefinition>
    </valueSet>
</CustomField>
