<?xml version="1.0" encoding="UTF-8" ?>
<CustomSite xmlns="http://soap.sforce.com/2006/04/metadata">
    <active>true</active>
    <allowHomePage>false</allowHomePage>
    <allowStandardAnswersPages>false</allowStandardAnswersPages>
    <allowStandardIdeasPages>false</allowStandardIdeasPages>
    <allowStandardLookups>false</allowStandardLookups>
    <allowStandardPortalPages>true</allowStandardPortalPages>
    <allowStandardSearch>false</allowStandardSearch>
    <authorizationRequiredPage>CommunitiesLogin</authorizationRequiredPage>
    <bandwidthExceededPage>BandwidthExceeded</bandwidthExceededPage>
    <browserXssProtection>true</browserXssProtection>
    <clickjackProtectionLevel>SameOriginOnly</clickjackProtectionLevel>
    <contentSniffingProtection>true</contentSniffingProtection>
    <enableAuraRequests>true</enableAuraRequests>
    <fileNotFoundPage>FileNotFound</fileNotFoundPage>
    <genericErrorPage>Exception</genericErrorPage>
    <inMaintenancePage>InMaintenance</inMaintenancePage>
    <indexPage>CommunitiesLanding</indexPage>
    <masterLabel>Redwoods Insurance Customer Auth</masterLabel>
    <referrerPolicyOriginWhenCrossOrigin
    >true</referrerPolicyOriginWhenCrossOrigin>
    <selfRegPage>CommunitiesSelfReg</selfRegPage>
    <siteAdmin>test-0rax9qpx9t5k@example.com</siteAdmin>
    <siteGuestRecordDefaultOwner
    >test-0rax9qpx9t5k@example.com</siteGuestRecordDefaultOwner>
    <siteType>ChatterNetwork</siteType>
    <subdomain>agility-page-1372-dev-ed-1735dfe4aa8</subdomain>
    <urlPathPrefix>auth</urlPathPrefix>
</CustomSite>
