<?xml version="1.0" encoding="UTF-8" ?>
<CustomField xmlns="http://soap.sforce.com/2006/04/metadata">
    <fullName>Active__c</fullName>
    <externalId>false</externalId>
    <label>Active</label>
    <required>false</required>
    <trackFeedHistory>false</trackFeedHistory>
    <type>Picklist</type>
    <valueSet>
        <valueSetDefinition>
            <sorted>false</sorted>
            <value>
                <fullName>No</fullName>
                <default>false</default>
                <label>No</label>
            </value>
            <value>
                <fullName>Yes</fullName>
                <default>false</default>
                <label>Yes</label>
            </value>
        </valueSetDefinition>
    </valueSet>
</CustomField>
