<?xml version="1.0" encoding="UTF-8" ?>
<CustomField xmlns="http://soap.sforce.com/2006/04/metadata">
    <fullName>CustomerPriority__c</fullName>
    <externalId>false</externalId>
    <label>Customer Priority</label>
    <required>false</required>
    <trackFeedHistory>false</trackFeedHistory>
    <type>Picklist</type>
    <valueSet>
        <valueSetDefinition>
            <sorted>false</sorted>
            <value>
                <fullName>High</fullName>
                <default>false</default>
                <label>High</label>
            </value>
            <value>
                <fullName>Low</fullName>
                <default>false</default>
                <label>Low</label>
            </value>
            <value>
                <fullName>Medium</fullName>
                <default>false</default>
                <label>Medium</label>
            </value>
        </valueSetDefinition>
    </valueSet>
</CustomField>
