<?xml version="1.0" encoding="UTF-8"?>
<CustomApplication xmlns="http://soap.sforce.com/2006/04/metadata">
    <brand>
        <headerColor>#84BF41</headerColor>
        <logo>invest_logo4</logo>
        <logoVersion>1</logoVersion>
        <shouldOverrideOrgTheme>false</shouldOverrideOrgTheme>
    </brand>
    <formFactors>Large</formFactors>
    <isNavAutoTempTabsDisabled>false</isNavAutoTempTabsDisabled>
    <isNavPersonalizationDisabled>false</isNavPersonalizationDisabled>
    <label>DreamInvest</label>
    <navType>Standard</navType>
    <tabs>standard-home</tabs>
    <tabs>Fund_Explorer</tabs>
    <tabs>Trader_Desktop</tabs>
    <tabs>Loans</tabs>
    <tabs>Quotes</tabs>
    <tabs>Sector_List</tabs>
    <tabs>Fund__c</tabs>
    <tabs>Sector__c</tabs>
    <tabs>standard-Account</tabs>
    <tabs>standard-Contact</tabs>
    <tabs>standard-report</tabs>
    <tabs>standard-Dashboard</tabs>
    <uiType>Lightning</uiType>
</CustomApplication>
